Age,Gender,MaritalStatus,Department,JobRole,EducationField,Education,MonthlyIncome,DistanceFromHome,YearsAtCompany,YearsInCurrentRole,TotalWorkingYears,NumCompaniesWorked,BusinessTravel,JobSatisfaction,EnvironmentSatisfaction,WorkLifeBalance,PerformanceRating,OverTime,StockOptionLevel,TrainingTimesLastYear,PercentSalaryHike,Attrition
41,Male,Married,Research & Development,Research Scientist,Human Resources,3,3528,1,5,3,18,0,Travel_Frequently,4,2,2,3,No,1,3,11,No
34,Male,Divorced,Research & Development,Research Director,Medical,3,14591,9,0,0,11,1,Travel_Rarely,1,4,2,3,No,1,6,18,No
37,Male,Single,Research & Development,Laboratory Technician,Life Sciences,1,2883,1,8,0,17,0,Travel_Frequently,4,4,3,3,No,0,3,11,No
49,Female,Divorced,Research & Development,Research Scientist,Other,2,3832,10,3,0,38,1,Travel_Rarely,2,3,3,3,No,1,1,11,No
36,Male,Married,Research & Development,Research Scientist,Technical Degree,3,3127,17,2,2,12,2,Travel_Rarely,2,1,3,3,No,0,1,16,No
35,Male,Single,Sales,Manager,Life Sciences,1,15740,2,0,0,13,4,Travel_Rarely,1,2,2,3,No,3,3,16,No
37,Male,Married,Research & Development,Research Director,Medical,4,17124,1,10,3,14,3,Travel_Rarely,1,4,3,3,No,3,3,17,No
46,Male,Divorced,Research & Development,Research Scientist,Other,1,4549,7,3,1,22,2,Travel_Rarely,1,2,3,3,No,1,3,11,No
60,Male,Single,Research & Development,Research Scientist,Marketing,2,4187,10,8,0,39,6,Travel_Rarely,3,4,2,3,Yes,0,3,17,No
30,Female,Married,Research & Development,Research Director,Medical,2,15776,3,9,2,9,6,Travel_Rarely,1,3,1,3,No,0,1,15,No
36,Female,Single,Research & Development,Research Director,Technical Degree,4,16248,4,0,0,16,1,Travel_Rarely,3,4,2,3,Yes,0,1,14,No
35,Female,Married,Research & Development,Research Scientist,Marketing,3,6548,6,8,0,11,1,Non-Travel,4,4,3,3,No,1,2,11,No
37,Male,Married,Research & Development,Laboratory Technician,Medical,4,2439,7,0,0,18,4,Travel_Rarely,4,2,4,4,Yes,0,1,16,No
32,Male,Married,Sales,Sales Representative,Marketing,3,3409,9,9,0,12,4,Travel_Rarely,4,2,4,4,No,1,3,17,No
40,Female,Married,Research & Development,Research Director,Human Resources,1,15283,5,2,1,18,4,Travel_Rarely,1,3,3,4,No,0,3,15,No
39,Female,Divorced,Human Resources,Manager,Human Resources,4,13691,2,0,0,16,3,Travel_Rarely,1,3,1,3,Yes,1,4,19,No
39,Male,Married,Sales,Sales Executive,Life Sciences,3,6875,27,1,1,18,6,Travel_Rarely,1,2,2,3,No,0,2,13,No
22,Female,Divorced,Sales,Sales Executive,Life Sciences,4,7164,23,3,0,3,0,Travel_Rarely,4,4,2,3,No,3,4,14,No
24,Male,Single,Research & Development,Laboratory Technician,Life Sciences,2,3910,2,1,1,1,1,Travel_Rarely,3,4,3,4,No,1,2,20,Yes
33,Female,Married,Research & Development,Laboratory Technician,Life Sciences,4,3689,1,3,2,16,4,Travel_Rarely,3,4,3,3,No,0,1,15,No
37,Female,Married,Research & Development,Manufacturing Director,Medical,4,9421,2,1,0,19,1,Travel_Rarely,2,2,3,3,Yes,1,1,14,Yes
43,Female,Single,Sales,Manager,Medical,3,15756,11,13,2,24,1,Travel_Rarely,3,2,2,3,Yes,0,2,11,No
60,Female,Married,Research & Development,Research Scientist,Medical,3,4394,7,2,1,37,5,Travel_Rarely,1,2,2,3,No,0,2,15,No
28,Female,Married,Research & Development,Laboratory Technician,Medical,4,2986,10,1,1,13,1,Travel_Rarely,3,2,2,3,No,1,2,20,Yes
46,Male,Married,Sales,Sales Representative,Other,3,2781,11,3,1,23,5,Travel_Rarely,1,4,3,3,Yes,1,1,16,No
55,Female,Married,Research & Development,Research Scientist,Human Resources,4,5427,10,4,0,37,5,Travel_Frequently,3,2,2,3,No,1,3,11,Yes
51,Male,Married,Research & Development,Laboratory Technician,Technical Degree,3,3309,3,3,3,29,1,Travel_Rarely,4,3,3,3,Yes,0,3,17,No
26,Female,Married,Research & Development,Manufacturing Director,Human Resources,4,10463,1,0,0,5,6,Travel_Frequently,4,1,4,4,No,1,1,16,Yes
46,Female,Married,Research & Development,Manufacturing Director,Marketing,4,8493,5,0,0,24,2,Non-Travel,2,4,2,3,Yes,1,5,11,No
19,Male,Single,Research & Development,Laboratory Technician,Medical,3,3143,5,1,1,1,3,Travel_Rarely,1,4,2,4,No,1,5,11,No
41,Male,Single,Research & Development,Research Scientist,Other,4,3822,2,10,1,16,2,Travel_Frequently,1,1,2,3,Yes,1,4,19,Yes
24,Female,Single,Research & Development,Laboratory Technician,Life Sciences,4,3416,29,2,2,2,1,Travel_Rarely,3,3,2,3,No,3,2,18,Yes
53,Male,Single,Research & Development,Research Scientist,Marketing,2,4004,2,5,2,31,3,Travel_Rarely,3,1,2,3,Yes,1,2,19,No
21,Male,Married,Research & Development,Laboratory Technician,Marketing,3,1812,2,0,0,0,2,Non-Travel,4,3,3,3,Yes,2,4,15,No
48,Female,Married,Research & Development,Research Director,Technical Degree,4,16070,29,1,1,29,1,Travel_Rarely,4,2,3,4,Yes,1,6,11,No
48,Female,Married,Sales,Manager,Life Sciences,4,15541,8,1,0,27,1,Travel_Frequently,3,4,3,4,No,1,6,18,No
44,Female,Married,Sales,Sales Representative,Life Sciences,4,3337,2,0,0,21,3,Travel_Rarely,4,4,3,4,No,1,1,13,Yes
32,Male,Single,Research & Development,Research Director,Marketing,4,16076,27,1,1,12,6,Travel_Frequently,4,3,3,3,No,0,1,23,No
37,Female,Single,Sales,Manager,Medical,5,13729,17,4,1,14,4,Travel_Rarely,4,4,3,4,No,1,5,13,No
41,Male,Single,Research & Development,Research Scientist,Life Sciences,3,5886,1,6,2,15,2,Travel_Rarely,4,2,3,4,Yes,2,1,17,Yes
31,Female,Married,Research & Development,Research Scientist,Life Sciences,1,5225,3,2,2,15,3,Travel_Frequently,3,3,2,3,No,0,1,11,No
36,Female,Married,Research & Development,Laboratory Technician,Other,3,3176,2,0,0,12,4,Travel_Frequently,4,4,3,3,No,0,0,12,No
51,Male,Married,Research & Development,Laboratory Technician,Other,2,3557,2,5,0,34,3,Non-Travel,3,3,3,3,No,2,1,11,No
26,Female,Divorced,Research & Development,Laboratory Technician,Life Sciences,3,4630,1,0,0,4,2,Travel_Rarely,2,1,2,3,No,0,1,14,No
41,Male,Married,Research & Development,Laboratory Technician,Other,3,3752,6,3,3,23,2,Non-Travel,2,1,3,3,No,0,3,21,No
38,Male,Single,Research & Development,Research Scientist,Human Resources,2,5888,14,3,1,19,2,Travel_Frequently,3,3,3,3,No,2,4,18,No
32,Female,Single,Sales,Sales Representative,Other,3,3695,15,0,0,8,3,Travel_Rarely,2,3,3,3,No,1,2,14,No
19,Male,Married,Sales,Sales Executive,Technical Degree,2,7211,9,2,2,2,5,Non-Travel,4,1,2,3,No,0,1,11,No
38,Female,Married,Research & Development,Laboratory Technician,Technical Degree,3,3630,5,4,0,18,1,Travel_Frequently,4,1,2,3,Yes,0,4,15,No
39,Male,Married,Research & Development,Research Scientist,Medical,3,3593,4,5,1,15,3,Travel_Rarely,1,3,3,4,No,2,4,13,No
29,Male,Single,Research & Development,Manufacturing Director,Medical,2,10442,3,5,0,12,8,Travel_Rarely,3,2,3,3,No,1,5,15,No
32,Male,Single,Sales,Sales Representative,Technical Degree,3,3512,2,5,3,5,2,Travel_Rarely,3,2,3,3,Yes,1,4,16,No
59,Female,Married,Research & Development,Laboratory Technician,Medical,3,6021,1,13,1,39,2,Travel_Frequently,3,3,2,3,No,1,3,19,No
39,Male,Single,Research & Development,Laboratory Technician,Medical,3,3870,7,7,7,23,1,Travel_Rarely,3,2,2,3,No,0,2,13,Yes
24,Male,Married,Research & Development,Manufacturing Director,Other,3,8833,2,5,5,5,4,Travel_Rarely,4,1,3,3,No,0,5,13,No
44,Male,Divorced,Research & Development,Laboratory Technician,Technical Degree,3,2605,16,0,0,25,2,Travel_Frequently,3,2,3,3,No,1,6,18,No
33,Female,Married,Research & Development,Laboratory Technician,Marketing,2,3288,1,2,2,10,3,Travel_Frequently,3,3,3,3,No,0,1,16,No
31,Female,Single,Research & Development,Research Director,Marketing,3,15086,1,1,0,13,4,Travel_Rarely,1,4,2,3,No,1,2,11,No
24,Male,Married,Research & Development,Laboratory Technician,Other,4,2848,14,2,0,2,1,Travel_Rarely,3,3,2,3,No,2,2,14,No
25,Male,Single,Sales,Sales Executive,Marketing,4,5727,3,0,0,0,5,Travel_Rarely,4,1,3,3,No,1,3,11,No
44,Female,Single,Research & Development,Research Scientist,Medical,3,3767,1,3,3,26,5,Travel_Frequently,1,3,2,3,No,1,3,11,Yes
36,Female,Married,Sales,Manager,Technical Degree,4,12882,6,0,0,15,2,Travel_Rarely,4,3,3,3,No,1,3,11,No
42,Male,Married,Research & Development,Laboratory Technician,Human Resources,4,3069,29,7,0,24,1,Travel_Frequently,3,1,3,3,No,1,2,15,No
46,Male,Married,Research & Development,Research Director,Medical,1,17867,29,8,5,21,4,Travel_Frequently,4,4,1,3,No,1,4,18,No
24,Female,Single,Sales,Sales Representative,Life Sciences,3,3563,7,0,0,0,3,Travel_Rarely,4,1,3,3,No,0,2,18,Yes
48,Male,Single,Sales,Sales Executive,Marketing,3,7425,1,2,0,29,2,Travel_Rarely,4,4,3,4,Yes,1,4,18,No
46,Female,Single,Sales,Manager,Human Resources,3,14216,12,7,2,24,0,Travel_Frequently,4,4,1,3,Yes,0,3,18,No
39,Male,Married,Research & Development,Laboratory Technician,Medical,1,2486,1,2,2,12,1,Travel_Rarely,3,1,3,3,No,1,3,17,No
22,Male,Single,Sales,Sales Executive,Other,2,6624,2,4,2,4,3,Travel_Rarely,3,1,3,3,Yes,3,5,15,Yes
49,Male,Divorced,Research & Development,Research Director,Technical Degree,4,15292,6,12,6,23,5,Non-Travel,3,4,3,3,Yes,1,4,15,No
46,Male,Divorced,Research & Development,Research Scientist,Other,3,5285,5,9,1,20,4,Travel_Rarely,1,4,3,3,No,1,2,16,No
36,Female,Divorced,Research & Development,Research Director,Human Resources,2,15440,8,7,6,18,1,Travel_Rarely,4,4,3,3,No,1,4,24,No
31,Female,Married,Research & Development,Laboratory Technician,Other,3,3619,1,8,4,14,2,Travel_Rarely,1,2,1,3,Yes,1,2,18,Yes
26,Female,Divorced,Research & Development,Research Scientist,Marketing,4,4686,16,0,0,7,2,Travel_Rarely,1,3,3,3,Yes,0,0,16,No
28,Female,Single,Human Resources,Manager,Other,2,14714,16,0,0,10,1,Travel_Rarely,2,4,2,3,No,1,1,13,No
57,Male,Divorced,Sales,Manager,Technical Degree,3,14645,6,8,2,35,0,Travel_Frequently,1,4,1,3,Yes,2,2,11,No
27,Male,Single,Research & Development,Research Scientist,Other,3,3687,3,1,0,8,3,Travel_Frequently,1,1,3,4,Yes,1,4,23,Yes
38,Male,Married,Research & Development,Research Director,Other,3,16239,12,1,1,15,4,Non-Travel,3,1,3,4,Yes,0,5,14,Yes
38,Female,Single,Research & Development,Manufacturing Director,Medical,3,9214,3,0,0,15,3,Travel_Rarely,3,3,3,4,No,1,1,13,No
43,Male,Single,Research & Development,Laboratory Technician,Life Sciences,2,6026,4,14,4,21,3,Travel_Rarely,4,3,2,3,No,1,2,12,No
48,Female,Married,Research & Development,Research Director,Human Resources,2,16307,3,6,0,22,4,Non-Travel,2,4,3,3,No,1,3,11,No
35,Male,Married,Research & Development,Manufacturing Director,Human Resources,2,9350,4,2,1,12,3,Travel_Rarely,1,1,4,3,No,1,2,18,No
35,Male,Divorced,Research & Development,Laboratory Technician,Technical Degree,3,5005,6,5,5,12,2,Travel_Rarely,4,2,3,3,No,1,4,20,Yes
18,Male,Divorced,Research & Development,Manufacturing Director,Technical Degree,4,8579,2,0,0,0,3,Travel_Rarely,3,4,3,3,No,1,4,15,No
57,Female,Single,Sales,Sales Executive,Marketing,3,8677,5,12,2,36,5,Travel_Rarely,4,2,4,3,Yes,0,2,16,No
43,Male,Married,Research & Development,Laboratory Technician,Marketing,1,3348,4,5,3,28,0,Travel_Rarely,4,3,2,3,Yes,1,3,17,No
34,Male,Single,Sales,Manager,Human Resources,5,14504,8,1,1,14,4,Travel_Frequently,3,3,3,3,Yes,0,2,15,No
34,Male,Married,Research & Development,Manufacturing Director,Medical,1,10170,3,5,5,15,4,Travel_Frequently,4,1,3,4,No,2,5,18,No
45,Female,Married,Research & Development,Manufacturing Director,Other,4,9914,24,1,1,27,2,Travel_Rarely,2,4,3,3,No,1,0,13,No
49,Male,Divorced,Research & Development,Laboratory Technician,Human Resources,3,3945,1,16,0,27,2,Travel_Rarely,3,3,2,3,No,2,2,13,No
34,Male,Married,Research & Development,Research Scientist,Human Resources,3,3891,6,3,3,10,4,Travel_Rarely,4,1,1,3,No,0,1,18,No
39,Female,Married,Sales,Manager,Marketing,3,14931,16,2,0,19,4,Travel_Rarely,1,3,3,4,Yes,1,4,19,No
26,Female,Married,Research & Development,Manufacturing Director,Marketing,3,10272,3,5,5,5,3,Travel_Rarely,4,4,3,3,Yes,0,5,11,No
22,Male,Divorced,Research & Development,Research Scientist,Marketing,4,4566,29,0,0,5,4,Travel_Rarely,4,1,2,3,Yes,2,6,11,Yes
28,Male,Married,Sales,Manager,Medical,1,13642,5,8,1,8,2,Travel_Rarely,1,3,3,3,Yes,0,1,25,Yes
34,Female,Married,Sales,Manager,Technical Degree,4,14196,3,3,3,16,3,Travel_Frequently,4,2,4,3,No,0,4,11,No
35,Female,Married,Research & Development,Laboratory Technician,Human Resources,2,3790,5,1,1,16,1,Travel_Rarely,2,2,3,3,Yes,2,0,18,No
32,Male,Married,Research & Development,Research Scientist,Other,2,3645,1,0,0,18,2,Non-Travel,3,4,1,3,No,1,6,18,No
50,Female,Single,Human Resources,Manager,Marketing,4,14968,6,1,1,23,3,Travel_Frequently,3,1,3,3,No,0,3,13,No
32,Female,Married,Sales,Sales Executive,Life Sciences,4,7117,6,4,1,10,1,Travel_Rarely,1,4,3,3,Yes,1,4,11,No
18,Male,Divorced,Human Resources,Manager,Medical,3,13863,1,0,0,0,4,Travel_Frequently,1,3,1,3,No,0,3,12,No
45,Male,Single,Research & Development,Research Scientist,Technical Degree,5,5121,3,1,1,27,2,Travel_Rarely,3,4,2,3,Yes,3,1,20,No
38,Male,Married,Research & Development,Research Director,Other,3,18092,7,14,2,14,1,Travel_Frequently,2,1,3,3,No,0,0,19,No
45,Male,Single,Research & Development,Research Scientist,Marketing,3,3542,4,1,1,25,3,Travel_Rarely,2,3,4,3,No,0,3,16,No
39,Male,Married,Research & Development,Research Director,Marketing,2,15949,29,6,0,18,1,Travel_Rarely,4,4,1,3,Yes,0,1,21,Yes
45,Female,Married,Research & Development,Laboratory Technician,Other,2,3464,5,1,1,24,3,Travel_Rarely,2,4,4,4,Yes,1,5,11,No
33,Male,Married,Research & Development,Research Director,Technical Degree,3,16321,1,1,0,11,1,Travel_Rarely,4,1,3,3,No,1,4,14,No
40,Female,Single,Sales,Sales Executive,Other,4,7830,13,16,6,19,1,Travel_Rarely,3,2,3,3,No,2,3,11,No
51,Female,Married,Sales,Manager,Other,2,14400,12,0,0,28,2,Travel_Rarely,1,2,3,3,Yes,0,2,15,No
49,Male,Married,Research & Development,Laboratory Technician,Human Resources,3,5838,1,4,0,28,2,Travel_Rarely,4,2,3,4,Yes,1,1,18,No
40,Female,Married,Research & Development,Research Director,Life Sciences,4,16706,5,3,1,20,2,Travel_Frequently,4,3,2,3,No,2,1,14,No
37,Male,Married,Research & Development,Research Scientist,Human Resources,2,4858,29,1,1,10,1,Travel_Rarely,3,4,3,3,Yes,0,2,17,No
49,Female,Divorced,Sales,Sales Executive,Human Resources,2,7237,5,1,1,29,3,Travel_Rarely,2,3,3,3,No,1,4,11,No
39,Male,Single,Research & Development,Manufacturing Director,Medical,3,9689,9,3,2,19,3,Travel_Rarely,4,3,2,3,No,0,6,14,No
40,Male,Married,Research & Development,Research Director,Marketing,4,14921,3,4,3,14,2,Travel_Rarely,4,4,4,3,No,2,2,23,No
26,Female,Married,Research & Development,Research Scientist,Marketing,3,5389,3,2,0,5,1,Travel_Frequently,3,3,3,3,No,1,2,16,No
23,Female,Divorced,Research & Development,Research Director,Technical Degree,4,15259,8,2,2,2,4,Travel_Frequently,3,1,3,4,Yes,1,3,15,Yes
36,Female,Married,Research & Development,Research Scientist,Other,4,7091,14,15,6,15,3,Travel_Rarely,1,3,3,3,Yes,2,4,17,No
39,Male,Divorced,Sales,Manager,Human Resources,3,15575,1,18,5,18,3,Non-Travel,2,2,3,3,Yes,0,4,18,No
27,Male,Married,Sales,Manager,Medical,5,13478,2,2,2,4,1,Travel_Rarely,2,3,3,3,No,1,2,16,No
28,Male,Single,Sales,Sales Executive,Technical Degree,3,8190,3,9,5,9,5,Travel_Rarely,3,4,3,3,No,0,3,13,No
25,Male,Divorced,Research & Development,Manufacturing Director,Marketing,4,10681,21,1,0,4,1,Travel_Frequently,2,4,4,3,Yes,0,2,11,No
59,Male,Married,Sales,Sales Executive,Life Sciences,3,6950,7,5,4,40,2,Non-Travel,3,4,1,3,Yes,0,4,11,No
49,Female,Single,Sales,Sales Executive,Life Sciences,2,8521,8,0,0,32,6,Travel_Rarely,3,4,4,3,No,1,2,14,No
43,Male,Single,Research & Development,Research Scientist,Other,4,2379,1,0,0,22,2,Travel_Rarely,1,3,3,3,Yes,0,4,12,Yes
54,Male,Married,Research & Development,Manufacturing Director,Life Sciences,3,10237,1,16,1,33,1,Travel_Rarely,4,2,3,3,No,0,0,15,No
28,Male,Divorced,Sales,Manager,Life Sciences,4,14529,18,3,3,12,5,Travel_Rarely,3,4,2,3,No,1,2,11,No
46,Male,Single,Research & Development,Laboratory Technician,Human Resources,4,2971,14,5,0,22,5,Travel_Frequently,4,4,3,3,No,1,0,14,Yes
33,Male,Married,Sales,Sales Executive,Other,3,8752,2,13,4,17,2,Travel_Rarely,1,3,2,3,No,2,2,20,No
45,Female,Married,Sales,Sales Executive,Human Resources,1,6946,6,6,2,20,3,Travel_Rarely,3,4,1,3,No,0,2,12,No
27,Female,Married,Human Resources,Human Resources,Technical Degree,3,2903,1,0,0,0,2,Travel_Rarely,4,1,3,4,Yes,0,1,11,Yes
28,Female,Married,Research & Development,Laboratory Technician,Human Resources,4,3723,10,4,1,7,2,Travel_Frequently,2,4,3,3,No,1,2,13,No
30,Female,Single,Sales,Sales Representative,Life Sciences,3,2302,7,3,1,11,1,Travel_Frequently,3,3,4,3,Yes,1,4,13,No
36,Male,Single,Research & Development,Manufacturing Director,Medical,4,9774,16,11,3,14,3,Travel_Rarely,2,3,1,3,No,1,2,14,No
36,Male,Divorced,Research & Development,Research Director,Medical,2,17309,1,6,6,12,5,Travel_Rarely,2,4,3,3,No,0,1,16,No
31,Female,Divorced,Human Resources,Manager,Marketing,2,14663,2,9,0,12,1,Non-Travel,3,3,2,3,No,0,2,16,No
34,Female,Married,Research & Development,Manufacturing Director,Life Sciences,3,10553,4,4,3,7,0,Travel_Rarely,2,1,2,3,No,0,2,19,No
48,Female,Married,Sales,Manager,Medical,3,15315,15,2,2,29,3,Travel_Rarely,4,1,4,3,No,0,1,14,No
49,Male,Single,Research & Development,Laboratory Technician,Human Resources,5,4536,8,9,2,21,1,Travel_Rarely,3,4,2,3,No,0,6,11,No
38,Male,Single,Research & Development,Manufacturing Director,Human Resources,3,10907,10,15,1,17,4,Travel_Rarely,4,1,3,3,Yes,0,6,14,No
36,Male,Divorced,Sales,Manager,Life Sciences,3,15227,29,2,1,15,4,Travel_Rarely,4,3,2,3,Yes,1,2,17,No
46,Male,Single,Research & Development,Manufacturing Director,Medical,1,9830,26,8,3,21,3,Non-Travel,2,4,3,3,No,1,3,11,No
33,Female,Married,Research & Development,Research Scientist,Marketing,3,5518,3,11,3,11,2,Travel_Rarely,2,3,3,3,No,0,1,11,No
46,Female,Married,Sales,Manager,Life Sciences,1,16326,8,18,0,25,3,Travel_Rarely,1,3,2,3,Yes,0,4,16,Yes
34,Female,Married,Research & Development,Laboratory Technician,Human Resources,3,1000,16,0,0,12,3,Travel_Rarely,3,4,3,3,No,0,4,16,No
38,Female,Married,Research & Development,Research Scientist,Technical Degree,4,4619,3,0,0,15,2,Travel_Rarely,4,2,2,3,Yes,2,6,18,No
34,Male,Married,Research & Development,Laboratory Technician,Human Resources,4,3608,1,5,4,9,3,Travel_Rarely,1,2,2,3,Yes,0,4,12,No
30,Male,Single,Research & Development,Research Director,Medical,4,15509,19,6,0,9,3,Travel_Rarely,1,1,3,3,No,3,3,11,Yes
47,Male,Married,Research & Development,Manufacturing Director,Life Sciences,1,8935,6,0,0,23,3,Travel_Rarely,1,1,3,3,No,1,2,19,No
37,Female,Married,Research & Development,Manufacturing Director,Technical Degree,2,9576,1,5,5,14,2,Travel_Rarely,1,3,3,3,No,3,2,20,No
42,Male,Single,Research & Development,Manufacturing Director,Marketing,2,8688,8,5,0,21,1,Travel_Rarely,4,3,2,3,No,1,3,13,No
59,Female,Single,Sales,Sales Representative,Medical,3,2833,1,5,2,35,3,Non-Travel,4,3,3,3,No,0,4,14,No
30,Female,Single,Research & Development,Laboratory Technician,Life Sciences,4,2915,10,1,0,9,2,Travel_Rarely,3,4,4,3,Yes,2,6,16,Yes
30,Male,Married,Research & Development,Research Director,Medical,1,15517,19,5,4,10,1,Travel_Rarely,4,1,2,3,Yes,0,5,15,No
29,Female,Divorced,Research & Development,Research Director,Marketing,4,16547,3,6,0,6,3,Travel_Rarely,1,2,3,3,No,0,4,15,No
18,Male,Single,Research & Development,Manufacturing Director,Marketing,1,9660,1,0,0,0,4,Travel_Rarely,4,3,2,4,Yes,0,4,16,Yes
34,Female,Divorced,Research & Development,Research Scientist,Marketing,4,4767,21,7,3,7,4,Travel_Rarely,4,1,4,3,No,0,3,11,No
34,Male,Single,Research & Development,Research Director,Human Resources,3,15142,1,3,1,10,4,Travel_Frequently,4,4,3,3,Yes,0,5,14,No
30,Male,Single,Sales,Manager,Life Sciences,4,14540,10,7,1,10,1,Travel_Rarely,4,2,3,4,Yes,0,3,20,No
42,Male,Married,Research & Development,Laboratory Technician,Medical,5,3926,4,21,5,21,2,Non-Travel,3,2,3,3,No,0,2,11,No
39,Female,Married,Research & Development,Laboratory Technician,Other,5,3301,9,2,0,23,2,Travel_Rarely,1,4,2,3,No,0,3,20,No
28,Female,Married,Research & Development,Research Director,Medical,4,15982,7,7,4,7,2,Non-Travel,2,3,1,3,No,3,1,11,No
37,Female,Married,Sales,Manager,Marketing,4,13481,5,1,0,19,5,Travel_Rarely,2,3,3,3,No,2,1,12,No
24,Female,Married,Research & Development,Manufacturing Director,Medical,3,8784,1,2,0,2,2,Travel_Rarely,2,2,2,3,No,0,1,17,No
53,Female,Single,Research & Development,Research Scientist,Medical,2,3177,4,4,0,36,2,Travel_Rarely,4,2,4,3,No,2,0,14,No
29,Male,Married,Research & Development,Laboratory Technician,Life Sciences,2,5462,14,8,5,8,3,Travel_Rarely,4,3,3,3,No,0,0,18,No
33,Female,Single,Research & Development,Research Director,Life Sciences,3,15391,1,8,1,19,4,Travel_Rarely,4,3,3,3,No,0,1,17,No
47,Male,Married,Research & Development,Manufacturing Director,Marketing,3,9248,15,0,0,29,1,Travel_Frequently,3,3,3,4,No,2,2,11,No
38,Female,Divorced,Research & Development,Research Scientist,Human Resources,4,5917,9,3,3,11,4,Travel_Rarely,1,2,3,3,No,0,6,19,No
59,Female,Divorced,Research & Development,Research Scientist,Medical,4,4576,2,3,0,40,5,Travel_Rarely,1,3,3,4,Yes,1,2,12,No
30,Male,Divorced,Sales,Sales Executive,Other,2,8004,2,8,1,8,4,Travel_Rarely,4,3,4,3,Yes,0,4,18,No
24,Female,Married,Research & Development,Laboratory Technician,Marketing,2,3325,9,0,0,0,1,Travel_Rarely,1,1,3,3,Yes,0,2,18,Yes
30,Female,Divorced,Research & Development,Research Scientist,Other,2,4938,6,8,1,9,4,Travel_Rarely,2,4,3,3,No,0,3,14,No
36,Female,Married,Sales,Manager,Human Resources,4,13312,29,0,0,10,3,Travel_Frequently,1,3,3,3,Yes,0,5,11,No
49,Female,Married,Sales,Sales Representative,Human Resources,3,4837,12,11,4,30,3,Travel_Rarely,1,2,2,4,Yes,0,2,21,Yes
22,Female,Single,Research & Development,Research Director,Marketing,5,16422,3,3,1,4,4,Travel_Rarely,4,3,3,4,No,0,0,15,No
32,Male,Married,Sales,Manager,Human Resources,3,13661,14,1,0,13,3,Travel_Rarely,2,4,3,4,No,0,4,16,No
31,Male,Single,Sales,Sales Executive,Marketing,4,7379,4,4,1,9,4,Travel_Frequently,4,3,3,3,No,0,2,18,No
31,Male,Single,Sales,Manager,Other,3,16292,16,2,2,9,1,Travel_Frequently,4,1,2,4,No,0,3,22,No
33,Female,Single,Research & Development,Research Director,Human Resources,1,14554,2,5,1,12,2,Travel_Rarely,3,4,3,3,No,0,2,15,Yes
47,Male,Married,Research & Development,Research Director,Medical,4,17183,8,12,2,26,2,Travel_Rarely,3,4,2,4,No,0,4,22,No
28,Male,Single,Sales,Sales Executive,Medical,3,7441,5,4,3,11,2,Travel_Frequently,2,3,1,3,No,0,4,15,Yes
47,Male,Single,Sales,Sales Executive,Other,2,7426,2,8,3,21,0,Travel_Rarely,1,4,3,3,No,0,3,15,No
31,Male,Married,Human Resources,Human Resources,Marketing,4,3817,9,3,3,8,4,Travel_Frequently,1,4,3,3,No,0,5,18,No
36,Male,Single,Sales,Sales Executive,Marketing,2,7221,4,5,1,13,3,Travel_Rarely,4,2,3,3,No,0,3,13,No
60,Male,Married,Research & Development,Research Director,Human Resources,4,16712,16,2,2,37,3,Travel_Rarely,2,3,3,4,Yes,0,1,12,No
43,Male,Married,Human Resources,Manager,Marketing,4,15498,2,3,0,23,4,Travel_Rarely,3,4,3,3,No,0,3,19,No
45,Male,Single,Sales,Manager,Human Resources,4,13808,1,0,0,18,4,Travel_Rarely,3,2,2,4,No,1,0,11,No
46,Female,Divorced,Research & Development,Manufacturing Director,Life Sciences,3,10511,1,11,0,27,0,Travel_Rarely,4,2,3,3,Yes,0,5,11,No
29,Male,Married,Human Resources,Manager,Medical,3,14809,3,7,5,11,0,Travel_Rarely,4,2,3,3,No,0,3,16,No
30,Female,Single,Sales,Manager,Medical,3,14839,18,5,4,7,2,Travel_Frequently,2,2,3,3,Yes,2,2,17,No
36,Male,Single,Sales,Manager,Medical,1,14740,1,3,1,12,3,Travel_Rarely,1,1,3,3,Yes,0,0,15,No
41,Female,Divorced,Research & Development,Research Scientist,Marketing,3,5072,29,9,0,17,5,Travel_Rarely,4,4,4,3,No,1,1,16,No
44,Female,Single,Research & Development,Research Scientist,Marketing,1,4344,4,5,0,19,0,Travel_Frequently,2,4,4,3,Yes,1,4,21,Yes
31,Male,Married,Sales,Manager,Marketing,3,14296,4,1,1,7,2,Non-Travel,1,3,4,3,No,1,3,12,No
18,Female,Married,Research & Development,Laboratory Technician,Technical Degree,4,2732,3,2,1,2,1,Non-Travel,4,2,2,3,No,1,4,11,Yes
46,Male,Married,Sales,Sales Representative,Human Resources,2,3800,10,7,0,17,3,Travel_Rarely,4,3,2,4,No,1,3,14,No
31,Male,Married,Research & Development,Laboratory Technician,Life Sciences,3,2488,10,5,1,5,4,Travel_Rarely,1,3,3,3,Yes,0,4,14,No
41,Male,Married,Sales,Manager,Human Resources,3,14594,1,1,1,19,3,Travel_Rarely,2,3,2,3,No,3,2,18,No
35,Male,Married,Research & Development,Research Scientist,Human Resources,3,5753,18,12,1,12,4,Travel_Frequently,4,4,2,3,No,0,1,19,No
37,Male,Single,Research & Development,Research Scientist,Medical,1,4813,9,6,5,17,0,Travel_Rarely,3,3,2,3,No,1,2,15,No
40,Male,Single,Research & Development,Research Scientist,Technical Degree,2,3212,1,3,3,19,2,Non-Travel,3,4,3,3,Yes,0,3,16,No
28,Female,Divorced,Sales,Manager,Human Resources,3,12116,3,0,0,3,3,Travel_Rarely,4,4,3,4,No,0,6,14,No
40,Male,Divorced,Research & Development,Research Director,Medical,1,14562,11,1,1,18,2,Travel_Rarely,3,2,2,3,No,0,1,11,No
24,Female,Single,Sales,Manager,Other,2,13738,15,1,1,3,2,Travel_Rarely,3,2,2,3,No,1,1,11,Yes
38,Female,Divorced,Research & Development,Manufacturing Director,Technical Degree,3,9551,5,1,1,22,1,Travel_Rarely,3,3,2,3,No,1,4,18,No
44,Male,Divorced,Sales,Manager,Medical,3,15726,1,7,6,25,0,Travel_Rarely,2,3,3,3,No,0,1,15,No
28,Female,Single,Research & Development,Laboratory Technician,Marketing,4,3932,12,0,0,6,2,Travel_Rarely,1,4,2,4,No,0,5,13,No
21,Female,Divorced,Research & Development,Research Scientist,Medical,3,5101,1,0,0,0,2,Travel_Rarely,3,1,4,3,No,1,3,16,No
40,Male,Married,Research & Development,Laboratory Technician,Life Sciences,3,4190,5,7,0,20,2,Non-Travel,3,3,3,3,No,0,2,13,No
38,Female,Married,Sales,Sales Executive,Human Resources,5,7379,14,5,2,18,4,Travel_Rarely,3,1,2,3,Yes,0,6,14,No
40,Male,Married,Research & Development,Research Director,Other,3,16260,13,1,1,15,3,Travel_Rarely,3,3,3,3,Yes,3,2,18,Yes
50,Female,Married,Research & Development,Research Director,Other,3,16510,1,10,1,27,1,Travel_Frequently,3,4,1,3,Yes,1,6,11,No
21,Male,Single,Research & Development,Manufacturing Director,Other,3,10485,19,2,2,2,2,Travel_Rarely,3,3,3,3,Yes,1,1,16,No
35,Female,Married,Sales,Sales Representative,Medical,4,2776,6,12,0,17,3,Travel_Frequently,1,2,3,3,Yes,0,6,13,No
45,Male,Married,Research & Development,Manufacturing Director,Technical Degree,3,9906,1,0,0,21,1,Travel_Rarely,1,3,3,4,No,0,5,15,No
54,Female,Married,Sales,Sales Representative,Medical,4,2836,2,3,3,32,6,Travel_Rarely,2,3,4,3,Yes,1,2,15,No
24,Male,Single,Research & Development,Manufacturing Director,Life Sciences,2,9435,12,2,2,3,3,Travel_Frequently,1,1,3,3,No,0,6,14,Yes
44,Female,Married,Research & Development,Research Scientist,Life Sciences,2,4358,7,4,1,19,4,Travel_Rarely,4,2,3,3,Yes,0,2,17,No
50,Male,Married,Research & Development,Research Director,Life Sciences,3,15194,6,3,0,29,3,Travel_Rarely,4,3,3,4,No,1,3,20,No
40,Male,Single,Research & Development,Manufacturing Director,Life Sciences,4,11673,2,3,2,20,3,Travel_Rarely,4,4,3,3,Yes,1,0,16,No
52,Male,Married,Sales,Sales Representative,Technical Degree,4,3848,6,2,2,29,5,Travel_Rarely,3,2,3,3,Yes,1,2,14,No
28,Male,Married,Research & Development,Laboratory Technician,Medical,3,4700,2,5,2,5,4,Non-Travel,4,3,3,3,No,2,0,15,No
58,Female,Single,Sales,Sales Representative,Human Resources,3,4022,15,2,2,29,3,Travel_Rarely,2,3,3,3,No,0,1,17,No
43,Male,Single,Sales,Manager,Marketing,4,13841,9,0,0,22,3,Travel_Frequently,4,4,1,3,No,0,3,14,No
28,Male,Divorced,Sales,Sales Executive,Technical Degree,2,9215,1,8,6,9,4,Travel_Rarely,3,1,4,3,Yes,2,1,16,Yes
40,Male,Single,Human Resources,Manager,Other,3,14274,16,5,4,18,1,Travel_Rarely,3,1,3,3,No,0,5,12,No
31,Male,Single,Sales,Manager,Marketing,1,14505,5,4,4,5,4,Non-Travel,1,3,3,3,Yes,1,6,19,Yes
44,Female,Single,Human Resources,Manager,Human Resources,3,14294,3,2,2,23,4,Travel_Frequently,2,3,3,4,No,0,2,21,No
31,Male,Single,Research & Development,Laboratory Technician,Life Sciences,2,1000,3,0,0,10,3,Travel_Rarely,4,2,3,3,No,1,4,17,No
36,Male,Single,Research & Development,Manufacturing Director,Life Sciences,3,9133,12,1,0,19,0,Travel_Rarely,2,1,2,3,No,1,3,11,No
35,Female,Single,Research & Development,Research Director,Marketing,4,17583,15,6,3,13,2,Travel_Rarely,1,4,3,3,No,1,4,13,No
39,Male,Married,Sales,Manager,Marketing,3,12698,17,6,3,17,5,Travel_Rarely,4,2,3,3,Yes,1,0,19,No
33,Female,Married,Research & Development,Research Scientist,Life Sciences,3,4957,10,3,1,10,1,Travel_Frequently,2,2,2,4,No,1,3,18,No
46,Male,Married,Research & Development,Research Scientist,Life Sciences,1,4426,2,1,0,23,3,Travel_Rarely,4,3,3,4,No,1,1,14,No
28,Male,Divorced,Research & Development,Research Scientist,Human Resources,5,5695,19,5,2,5,0,Travel_Frequently,1,3,3,3,Yes,1,3,17,Yes
55,Female,Single,Research & Development,Laboratory Technician,Medical,1,1759,7,1,1,34,1,Non-Travel,4,2,3,3,No,2,1,12,No
33,Female,Single,Research & Development,Manufacturing Director,Technical Degree,1,9783,1,0,0,11,3,Travel_Frequently,2,4,4,3,No,1,4,20,No
42,Female,Single,Research & Development,Research Director,Medical,4,15581,6,0,0,26,1,Travel_Rarely,4,4,3,3,No,0,6,12,No
49,Female,Married,Research & Development,Research Scientist,Other,5,3992,1,4,1,28,3,Travel_Frequently,3,3,3,3,Yes,1,4,19,No
37,Male,Married,Research & Development,Laboratory Technician,Medical,4,3134,12,3,1,11,1,Travel_Rarely,4,1,3,3,No,2,1,11,No
49,Female,Single,Sales,Sales Executive,Technical Degree,3,6825,2,1,0,27,2,Travel_Rarely,4,4,4,4,Yes,0,4,20,Yes
42,Male,Single,Research & Development,Research Director,Life Sciences,2,17409,9,3,3,19,2,Travel_Rarely,1,3,3,3,No,2,4,13,No
31,Male,Single,Sales,Manager,Medical,3,13599,3,6,0,10,3,Travel_Rarely,3,3,1,3,No,0,5,14,No
49,Male,Married,Sales,Manager,Technical Degree,4,14448,2,0,0,23,3,Travel_Rarely,4,2,1,3,No,1,1,13,No
51,Male,Married,Research & Development,Laboratory Technician,Life Sciences,3,3335,1,10,1,30,1,Travel_Rarely,3,3,3,3,No,0,2,11,No
33,Male,Divorced,Research & Development,Manufacturing Director,Human Resources,3,10540,5,11,2,17,2,Travel_Rarely,3,2,2,3,No,0,6,17,No
36,Male,Married,Sales,Sales Representative,Life Sciences,4,2090,10,1,0,15,3,Travel_Rarely,3,4,2,3,No,1,3,17,No
25,Female,Single,Research & Development,Research Director,Technical Degree,3,14920,6,2,2,3,3,Travel_Rarely,1,4,2,3,Yes,0,1,16,Yes
28,Female,Single,Sales,Sales Executive,Other,3,7913,17,9,2,9,2,Travel_Rarely,2,4,3,3,No,2,4,15,No
38,Male,Single,Research & Development,Laboratory Technician,Marketing,4,2523,1,4,1,13,5,Travel_Rarely,2,3,3,3,Yes,2,4,15,Yes
42,Male,Single,Research & Development,Research Scientist,Medical,5,4177,5,2,0,24,1,Travel_Rarely,3,3,3,3,No,1,3,16,No
40,Male,Divorced,Research & Development,Research Director,Life Sciences,3,17248,11,1,0,20,5,Travel_Rarely,3,3,3,3,No,1,3,15,No
33,Male,Married,Sales,Sales Representative,Marketing,4,4364,2,6,1,12,0,Travel_Rarely,3,3,3,3,No,0,4,16,No
40,Female,Divorced,Research & Development,Research Scientist,Life Sciences,2,5318,7,11,1,20,0,Travel_Rarely,1,4,4,3,No,0,4,11,No
37,Female,Single,Research & Development,Research Scientist,Marketing,3,5178,3,2,1,15,1,Travel_Rarely,3,2,3,3,Yes,0,1,13,No
38,Female,Divorced,Research & Development,Research Scientist,Other,3,5063,2,1,1,16,6,Travel_Rarely,3,4,4,3,Yes,2,3,17,No
27,Male,Divorced,Sales,Sales Executive,Marketing,2,6918,6,2,0,11,4,Non-Travel,3,4,3,3,Yes,0,2,12,No
43,Male,Married,Research & Development,Manufacturing Director,Technical Degree,3,9205,9,4,0,22,0,Travel_Frequently,1,3,4,3,No,0,3,23,No
30,Male,Divorced,Research & Development,Research Scientist,Medical,3,5900,17,6,6,6,2,Travel_Rarely,4,3,3,3,No,0,4,18,No
24,Female,Single,Research & Development,Laboratory Technician,Other,3,3289,2,5,0,5,3,Travel_Rarely,4,1,4,3,Yes,0,0,12,No
31,Male,Married,Sales,Manager,Life Sciences,3,16134,7,1,1,10,4,Travel_Rarely,3,4,4,3,No,0,2,11,No
23,Female,Single,Research & Development,Laboratory Technician,Marketing,4,4295,9,0,0,0,3,Travel_Frequently,3,1,3,3,No,2,2,11,No
32,Male,Divorced,Human Resources,Human Resources,Marketing,4,3686,1,0,0,13,2,Travel_Rarely,1,3,3,3,No,0,4,16,No
21,Female,Married,Research & Development,Laboratory Technician,Human Resources,2,2946,1,0,0,0,3,Travel_Rarely,3,4,3,3,No,1,3,16,No
35,Female,Married,Research & Development,Laboratory Technician,Human Resources,4,3207,1,0,0,13,2,Travel_Rarely,3,2,2,4,No,3,3,13,No
45,Male,Single,Research & Development,Research Director,Technical Degree,3,18983,16,24,6,25,1,Travel_Rarely,3,4,2,3,Yes,0,0,14,No
36,Male,Married,Research & Development,Research Scientist,Medical,3,3856,1,2,2,17,3,Travel_Rarely,4,3,2,3,No,1,3,13,No
55,Male,Married,Sales,Manager,Other,3,14435,11,3,3,31,4,Travel_Rarely,4,2,3,3,No,1,1,14,No
32,Male,Divorced,Human Resources,Human Resources,Life Sciences,1,1630,17,0,0,11,1,Travel_Rarely,4,3,3,3,No,0,3,12,No
40,Male,Married,Research & Development,Laboratory Technician,Technical Degree,3,2396,2,5,1,16,2,Travel_Rarely,1,3,3,4,No,0,6,14,No
40,Female,Divorced,Research & Development,Research Director,Technical Degree,3,15650,26,4,1,21,4,Travel_Rarely,1,3,2,3,Yes,1,1,17,No
50,Male,Single,Research & Development,Research Scientist,Marketing,4,4020,7,2,0,28,4,Travel_Rarely,4,2,2,3,No,0,4,19,No
18,Female,Single,Research & Development,Manufacturing Director,Technical Degree,3,9530,29,0,0,0,2,Non-Travel,1,1,2,3,No,0,1,20,Yes
30,Male,Married,Research & Development,Research Scientist,Marketing,3,5067,11,6,0,10,2,Travel_Rarely,3,4,3,4,No,3,4,16,No
40,Male,Married,Research & Development,Laboratory Technician,Other,3,4162,1,0,0,12,2,Non-Travel,1,2,3,3,No,1,2,16,No
25,Female,Single,Research & Development,Laboratory Technician,Human Resources,3,5286,29,0,0,9,1,Travel_Frequently,1,3,3,3,No,0,1,17,Yes
52,Male,Single,Research & Development,Research Scientist,Other,4,4995,1,3,0,34,1,Travel_Frequently,4,1,2,3,No,1,1,16,No
39,Female,Divorced,Research & Development,Manufacturing Director,Medical,4,10169,11,15,3,15,4,Travel_Rarely,1,1,2,3,No,1,3,14,No
27,Male,Married,Sales,Manager,Human Resources,2,14340,6,5,4,5,1,Travel_Rarely,3,4,1,4,No,0,2,11,No
45,Female,Divorced,Research & Development,Research Scientist,Human Resources,1,4729,4,3,1,27,3,Travel_Rarely,3,3,3,3,No,2,3,12,No
38,Male,Married,Research & Development,Research Scientist,Human Resources,2,5136,3,5,2,19,2,Travel_Rarely,3,2,3,4,No,1,1,14,No
57,Female,Married,Sales,Sales Executive,Marketing,2,11418,12,25,1,34,1,Travel_Rarely,1,4,4,3,No,0,3,11,No
28,Male,Single,Research & Development,Laboratory Technician,Marketing,3,3095,18,0,0,8,5,Travel_Rarely,4,2,3,3,No,0,2,14,No
32,Male,Married,Sales,Sales Executive,Technical Degree,3,7014,1,7,4,12,1,Travel_Rarely,1,4,2,3,No,0,4,11,Yes
30,Female,Divorced,Research & Development,Laboratory Technician,Medical,3,4483,17,1,1,7,2,Travel_Rarely,1,3,3,3,No,1,2,11,Yes
36,Female,Married,Sales,Sales Representative,Marketing,4,5020,8,5,1,18,3,Travel_Frequently,4,2,2,3,No,1,2,11,Yes
45,Male,Single,Research & Development,Research Scientist,Technical Degree,3,7416,3,22,0,22,2,Travel_Rarely,1,2,2,3,No,0,4,11,No
18,Male,Married,Sales,Manager,Other,4,12797,4,0,0,0,3,Travel_Frequently,3,4,4,3,Yes,3,2,15,No
43,Male,Single,Sales,Manager,Human Resources,3,13441,17,9,1,24,4,Travel_Rarely,3,3,3,3,No,0,2,12,No
41,Male,Divorced,Research & Development,Manufacturing Director,Marketing,4,10395,1,4,2,19,2,Travel_Frequently,4,1,3,3,Yes,0,2,13,No
46,Male,Married,Research & Development,Laboratory Technician,Life Sciences,1,5360,5,19,2,32,4,Travel_Rarely,2,3,3,3,Yes,1,4,16,No
41,Female,Married,Research & Development,Research Scientist,Marketing,4,6185,22,3,0,22,2,Travel_Rarely,2,3,3,4,No,0,1,11,No
36,Female,Married,Research & Development,Research Director,Technical Degree,4,15144,21,1,1,13,2,Travel_Rarely,3,1,3,3,No,0,3,12,No
53,Male,Single,Research & Development,Research Director,Medical,4,16767,2,10,1,32,2,Non-Travel,1,2,2,3,No,1,3,11,No
31,Female,Married,Research & Development,Manufacturing Director,Human Resources,3,8585,14,6,2,6,1,Travel_Rarely,2,1,3,3,No,0,4,15,No
28,Female,Married,Research & Development,Research Scientist,Human Resources,1,5063,22,1,1,1,0,Travel_Rarely,4,2,3,3,No,2,2,14,No
36,Female,Married,Sales,Sales Representative,Other,4,3901,13,10,0,16,4,Non-Travel,4,3,2,3,No,0,6,17,No
34,Male,Married,Sales,Sales Representative,Technical Degree,1,2652,6,2,2,12,6,Travel_Frequently,4,4,3,3,Yes,1,4,15,No
39,Female,Married,Research & Development,Laboratory Technician,Medical,3,1459,1,0,0,17,0,Travel_Rarely,2,4,4,3,No,2,1,14,No
19,Male,Married,Sales,Sales Representative,Other,3,1000,15,0,0,0,1,Travel_Rarely,3,3,3,3,Yes,0,2,20,Yes
28,Female,Married,Research & Development,Manufacturing Director,Technical Degree,3,10587,4,4,4,4,2,Travel_Rarely,3,2,3,3,No,0,6,20,No
36,Female,Divorced,Research & Development,Laboratory Technician,Other,4,4826,1,10,0,17,4,Travel_Rarely,2,3,2,4,No,0,5,16,No
33,Male,Married,Human Resources,Manager,Technical Degree,3,15230,5,10,2,12,0,Travel_Rarely,3,4,3,3,Yes,0,5,17,No
37,Male,Married,Sales,Sales Representative,Technical Degree,4,3657,14,8,3,10,2,Travel_Rarely,4,2,2,3,No,0,2,21,No
37,Male,Married,Sales,Manager,Medical,2,16575,5,14,4,14,2,Travel_Rarely,4,2,1,3,No,0,3,11,No
52,Female,Divorced,Research & Development,Manufacturing Director,Other,4,11473,2,1,1,26,3,Travel_Rarely,3,2,4,3,No,0,2,22,No
36,Female,Single,Sales,Manager,Medical,2,13234,3,8,1,15,4,Travel_Rarely,2,4,1,3,Yes,0,3,17,No
39,Male,Single,Research & Development,Laboratory Technician,Technical Degree,4,3010,29,0,0,17,2,Travel_Rarely,4,3,3,4,No,1,2,22,No
49,Male,Married,Research & Development,Research Scientist,Marketing,3,4257,7,1,1,30,5,Travel_Rarely,4,3,3,3,Yes,0,4,23,No
39,Female,Married,Research & Development,Laboratory Technician,Human Resources,4,3084,10,8,1,12,1,Travel_Rarely,1,3,3,3,No,2,0,11,No
30,Male,Single,Research & Development,Manufacturing Director,Life Sciences,5,11429,13,7,0,10,5,Travel_Rarely,3,3,3,4,No,2,3,14,No
36,Female,Married,Research & Development,Research Director,Marketing,3,15769,2,4,4,19,5,Travel_Rarely,3,4,3,3,No,2,2,17,No
37,Female,Single,Research & Development,Research Director,Human Resources,3,15847,4,2,0,15,4,Travel_Rarely,2,4,2,3,No,1,2,18,No
41,Male,Married,Sales,Manager,Medical,3,12413,4,0,0,21,1,Travel_Rarely,3,4,2,3,No,1,4,23,No
28,Male,Single,Sales,Manager,Marketing,3,14421,5,2,0,8,2,Travel_Rarely,3,1,3,3,Yes,1,1,11,No
23,Female,Single,Research & Development,Manufacturing Director,Medical,3,11333,29,0,0,6,4,Travel_Rarely,4,1,2,3,No,1,2,19,Yes
38,Female,Single,Research & Development,Research Director,Life Sciences,4,17188,3,3,1,15,3,Travel_Frequently,2,4,2,3,No,1,2,22,No
37,Male,Married,Sales,Sales Executive,Human Resources,3,6951,1,5,0,9,1,Travel_Rarely,1,4,4,3,No,0,0,15,No
29,Female,Single,Sales,Sales Representative,Human Resources,2,2394,1,6,0,9,2,Travel_Frequently,4,1,4,3,No,0,3,15,Yes
24,Male,Divorced,Research & Development,Research Director,Marketing,4,16573,1,0,0,0,2,Travel_Rarely,4,3,3,3,No,1,4,13,No
32,Male,Single,Research & Development,Research Scientist,Marketing,3,3890,24,2,2,9,1,Travel_Rarely,3,2,3,3,No,0,1,11,Yes
31,Female,Married,Research & Development,Research Scientist,Marketing,3,4832,4,8,5,8,4,Non-Travel,2,4,3,3,No,2,0,11,No
39,Female,Divorced,Sales,Manager,Marketing,4,13465,7,2,0,18,4,Travel_Rarely,2,1,2,3,No,1,4,11,Yes
35,Male,Married,Sales,Sales Representative,Marketing,3,2693,6,2,0,12,3,Travel_Rarely,2,3,1,3,No,1,2,18,No
41,Male,Divorced,Research & Development,Research Scientist,Life Sciences,2,3688,5,1,1,21,2,Non-Travel,3,2,3,3,No,0,2,17,No
37,Female,Single,Research & Development,Laboratory Technician,Life Sciences,3,2541,1,5,0,12,3,Travel_Frequently,3,4,3,3,No,1,4,19,No
38,Male,Married,Research & Development,Laboratory Technician,Medical,2,2187,2,0,0,18,4,Travel_Rarely,2,3,3,3,Yes,1,3,15,No
48,Male,Single,Sales,Sales Executive,Medical,4,5695,1,0,0,31,4,Travel_Rarely,4,4,3,3,No,0,2,17,No
33,Male,Married,Sales,Sales Representative,Other,4,5332,8,12,6,12,3,Travel_Rarely,4,3,4,3,Yes,1,1,14,No
33,Male,Married,Research & Development,Research Scientist,Human Resources,5,4352,8,7,5,15,4,Travel_Rarely,2,3,3,4,No,1,1,18,No
28,Male,Married,Sales,Sales Executive,Other,4,7906,12,2,2,11,0,Travel_Rarely,4,4,2,3,No,0,3,11,No
27,Male,Divorced,Sales,Sales Executive,Other,4,7601,3,4,2,4,1,Travel_Rarely,4,3,2,3,No,0,3,23,No
23,Female,Divorced,Research & Development,Research Director,Technical Degree,2,14882,1,0,0,0,3,Non-Travel,3,2,2,3,Yes,1,3,13,No
42,Female,Divorced,Research & Development,Research Scientist,Other,4,5222,11,2,2,22,2,Travel_Rarely,3,4,4,3,No,1,3,21,No
36,Male,Single,Sales,Manager,Other,3,16383,13,14,5,14,2,Travel_Rarely,3,4,2,4,No,2,3,17,No
33,Male,Single,Research & Development,Laboratory Technician,Medical,2,4286,1,8,8,12,1,Non-Travel,4,2,3,3,Yes,1,5,16,Yes
37,Female,Married,Sales,Manager,Technical Degree,1,15760,2,12,3,18,2,Travel_Rarely,1,4,4,3,No,0,3,16,No
41,Male,Divorced,Research & Development,Research Scientist,Marketing,2,2846,2,5,0,23,1,Travel_Rarely,4,4,3,3,No,0,2,14,No
31,Female,Married,Sales,Sales Representative,Other,3,2376,29,3,3,3,3,Non-Travel,3,2,3,3,No,3,0,14,Yes
31,Male,Single,Sales,Manager,Medical,3,12463,8,2,2,9,2,Travel_Frequently,4,4,3,3,Yes,1,3,11,No
27,Male,Divorced,Research & Development,Manufacturing Director,Life Sciences,3,9825,1,3,0,9,2,Travel_Frequently,3,3,3,3,No,0,3,14,No
45,Male,Single,Sales,Sales Executive,Technical Degree,2,7812,5,11,1,26,6,Travel_Rarely,4,4,4,3,No,0,2,16,No
45,Male,Single,Research & Development,Laboratory Technician,Marketing,3,5869,5,20,0,21,2,Travel_Rarely,2,3,3,3,No,0,3,22,No
37,Male,Divorced,Research & Development,Research Scientist,Life Sciences,3,5435,1,7,7,15,3,Travel_Rarely,4,3,3,3,No,0,1,19,No
34,Male,Single,Human Resources,Manager,Marketing,2,13668,7,5,1,15,3,Travel_Rarely,4,4,2,3,Yes,1,0,16,No
37,Male,Married,Research & Development,Research Director,Human Resources,4,16440,2,4,0,15,1,Travel_Rarely,2,3,2,3,No,1,1,11,No
44,Male,Married,Research & Development,Laboratory Technician,Technical Degree,3,4525,27,4,4,22,4,Travel_Frequently,3,1,3,3,Yes,1,4,18,No
25,Male,Married,Research & Development,Research Director,Technical Degree,1,17497,8,4,4,4,5,Travel_Rarely,4,4,3,4,No,1,1,15,No
56,Male,Single,Sales,Sales Executive,Technical Degree,2,7748,28,1,1,40,2,Travel_Frequently,4,3,2,3,No,0,4,20,No
48,Male,Married,Research & Development,Research Director,Medical,4,16100,1,8,5,29,4,Travel_Rarely,4,4,4,3,No,2,2,15,No
43,Female,Divorced,Research & Development,Laboratory Technician,Marketing,1,4474,1,11,4,29,2,Travel_Rarely,1,3,3,3,No,1,1,18,No
32,Female,Single,Sales,Sales Executive,Marketing,3,8517,6,9,0,9,0,Travel_Rarely,1,4,3,4,No,0,2,18,No
26,Female,Married,Research & Development,Research Scientist,Marketing,4,4329,9,5,1,5,2,Travel_Rarely,4,3,3,3,No,0,4,14,No
33,Male,Married,Research & Development,Research Scientist,Marketing,3,3809,4,6,0,14,2,Travel_Rarely,2,1,2,4,No,3,3,12,No
35,Female,Divorced,Sales,Manager,Life Sciences,4,13073,1,0,0,16,2,Travel_Rarely,4,3,3,3,No,1,0,14,No
25,Female,Married,Sales,Sales Executive,Other,1,5487,26,0,0,0,2,Travel_Rarely,3,4,3,3,Yes,0,6,15,Yes
40,Female,Married,Research & Development,Research Director,Technical Degree,4,18906,21,13,1,20,2,Travel_Frequently,4,4,3,4,No,2,4,11,No
53,Male,Married,Sales,Sales Executive,Other,1,5148,2,0,0,32,1,Travel_Rarely,1,4,3,3,Yes,0,4,13,Yes
28,Female,Divorced,Research & Development,Laboratory Technician,Technical Degree,1,3023,1,2,2,6,2,Travel_Rarely,2,4,2,4,Yes,0,5,14,No
24,Female,Married,Research & Development,Research Scientist,Marketing,3,5611,7,3,3,7,2,Travel_Rarely,1,4,2,3,Yes,2,2,11,No
45,Female,Married,Sales,Sales Executive,Human Resources,1,8782,9,6,0,21,5,Travel_Frequently,2,3,3,3,No,1,2,11,No
28,Female,Married,Sales,Manager,Human Resources,2,12443,13,1,1,10,1,Travel_Rarely,3,3,3,4,No,1,1,16,No
46,Female,Married,Sales,Sales Executive,Technical Degree,4,5372,17,3,0,22,4,Travel_Rarely,4,2,1,4,No,1,0,16,No
37,Male,Single,Sales,Sales Executive,Medical,3,9107,1,16,0,20,4,Travel_Rarely,4,1,3,3,No,0,1,11,No
31,Female,Single,Sales,Sales Representative,Other,3,2433,14,0,0,9,3,Travel_Rarely,4,1,3,3,No,0,2,17,No
49,Male,Single,Research & Development,Research Scientist,Human Resources,3,5100,1,11,0,28,0,Travel_Rarely,2,4,3,3,Yes,1,4,16,No
21,Male,Married,Research & Development,Manufacturing Director,Medical,5,8131,4,2,1,4,2,Travel_Frequently,2,4,2,3,Yes,0,6,19,Yes
39,Male,Married,Research & Development,Research Director,Technical Degree,2,16861,4,8,1,16,6,Travel_Rarely,2,2,1,3,No,1,5,15,No
22,Male,Single,Sales,Sales Representative,Marketing,2,2691,6,0,0,0,3,Travel_Frequently,1,4,1,3,Yes,1,0,13,Yes
51,Female,Divorced,Research & Development,Research Director,Technical Degree,2,17467,7,0,0,28,2,Travel_Frequently,3,2,3,3,Yes,1,3,11,No
32,Male,Divorced,Sales,Manager,Medical,1,14696,13,4,1,7,4,Travel_Rarely,4,2,2,3,No,1,3,12,No
36,Male,Single,Research & Development,Research Director,Other,4,16608,9,0,0,14,1,Travel_Rarely,4,2,3,3,Yes,2,5,13,Yes
25,Female,Married,Research & Development,Research Scientist,Other,4,4419,4,5,5,5,2,Travel_Rarely,2,4,2,3,Yes,0,2,17,No
32,Female,Single,Research & Development,Manufacturing Director,Other,3,10940,8,10,4,13,2,Travel_Rarely,3,1,3,3,No,1,5,16,No
49,Male,Divorced,Human Resources,Human Resources,Other,4,3189,9,5,0,26,3,Travel_Frequently,2,2,3,3,No,2,2,13,No
32,Male,Single,Research & Development,Research Scientist,Marketing,4,3900,4,0,0,13,6,Travel_Rarely,4,3,2,3,Yes,1,3,16,Yes
25,Female,Married,Research & Development,Manufacturing Director,Marketing,3,9221,3,5,1,5,1,Travel_Rarely,4,2,2,3,No,1,5,16,No
41,Female,Married,Sales,Manager,Technical Degree,1,14399,2,2,1,17,4,Non-Travel,1,3,2,3,Yes,1,2,13,No
28,Female,Married,Research & Development,Research Director,Marketing,2,14468,8,5,0,7,0,Travel_Frequently,2,3,2,3,Yes,2,3,17,Yes
53,Female,Married,Research & Development,Manufacturing Director,Life Sciences,3,8797,1,1,1,32,1,Travel_Rarely,3,4,2,3,No,1,4,17,No
36,Male,Single,Research & Development,Laboratory Technician,Technical Degree,2,3785,4,3,0,19,2,Travel_Rarely,3,2,3,3,No,3,1,13,No
40,Male,Married,Research & Development,Research Director,Medical,5,17463,17,10,0,17,5,Travel_Rarely,1,4,3,3,No,1,2,12,No
32,Female,Single,Research & Development,Research Scientist,Technical Degree,2,3022,5,10,3,10,4,Travel_Rarely,2,4,3,3,No,0,4,15,No
42,Female,Single,Research & Development,Research Director,Life Sciences,3,15130,1,1,1,20,4,Travel_Frequently,1,4,3,3,No,3,2,11,No
30,Male,Married,Research & Development,Manufacturing Director,Life Sciences,4,9701,5,4,2,13,0,Travel_Rarely,2,4,3,4,No,0,4,13,No
26,Male,Divorced,Research & Development,Manufacturing Director,Medical,4,9568,12,3,0,3,1,Travel_Rarely,4,1,3,3,No,3,2,18,No
45,Male,Single,Research & Development,Laboratory Technician,Technical Degree,3,4188,1,17,2,24,5,Travel_Rarely,4,4,2,3,No,0,4,11,No
29,Male,Divorced,Sales,Manager,Other,4,15028,1,6,4,12,1,Travel_Frequently,4,3,3,3,Yes,1,4,15,No
37,Male,Single,Research & Development,Research Director,Technical Degree,4,13694,1,1,0,14,3,Travel_Frequently,1,4,3,3,No,0,2,19,No
40,Female,Divorced,Research & Development,Laboratory Technician,Marketing,4,4646,1,13,0,21,3,Travel_Rarely,2,3,4,3,No,0,3,18,No
35,Male,Married,Research & Development,Manufacturing Director,Life Sciences,2,8936,1,1,0,9,2,Travel_Frequently,2,4,2,3,Yes,1,1,11,No
29,Male,Divorced,Research & Development,Research Director,Technical Degree,1,15958,18,3,3,4,3,Travel_Rarely,1,2,2,3,No,1,3,20,No
31,Female,Single,Sales,Sales Representative,Life Sciences,3,2998,13,1,1,10,4,Travel_Rarely,2,2,3,3,No,2,1,12,No
43,Female,Married,Research & Development,Research Scientist,Technical Degree,4,4083,1,7,0,22,2,Travel_Rarely,2,1,1,3,Yes,0,1,15,Yes
44,Female,Married,Research & Development,Research Director,Technical Degree,4,15815,1,6,5,18,0,Travel_Frequently,1,3,3,3,No,0,2,21,No
47,Male,Single,Research & Development,Research Director,Human Resources,3,18384,4,9,0,23,1,Travel_Frequently,2,4,3,4,No,1,4,11,No
18,Female,Single,Research & Development,Manufacturing Director,Human Resources,2,9209,29,0,0,0,4,Travel_Rarely,4,4,2,3,Yes,1,4,20,Yes
27,Female,Divorced,Research & Development,Laboratory Technician,Medical,3,2738,25,3,3,5,0,Travel_Rarely,3,2,2,3,No,1,1,21,Yes
43,Male,Divorced,Research & Development,Laboratory Technician,Other,4,3121,10,10,0,23,2,Travel_Frequently,1,1,3,3,No,1,1,13,No
29,Male,Married,Research & Development,Manufacturing Director,Marketing,2,11444,3,1,1,6,3,Travel_Rarely,4,4,3,4,No,2,3,11,Yes
29,Male,Divorced,Research & Development,Manufacturing Director,Life Sciences,3,9276,4,1,0,7,0,Travel_Rarely,1,3,3,3,Yes,1,2,18,No
39,Female,Single,Research & Development,Laboratory Technician,Medical,2,5858,1,12,1,20,5,Travel_Rarely,1,4,2,3,No,1,3,16,No
32,Female,Single,Research & Development,Research Scientist,Technical Degree,2,4855,1,1,1,11,4,Travel_Rarely,4,4,2,3,No,1,5,19,No
28,Male,Married,Research & Development,Research Scientist,Other,1,5984,28,0,0,11,2,Travel_Rarely,1,4,3,3,Yes,0,1,18,Yes
56,Male,Married,Sales,Sales Executive,Marketing,3,8787,15,6,1,36,3,Travel_Frequently,4,2,3,3,Yes,1,3,17,No
45,Male,Married,Research & Development,Laboratory Technician,Marketing,2,5696,5,22,3,22,3,Travel_Rarely,1,2,3,3,Yes,2,4,14,No
22,Female,Single,Sales,Manager,Medical,3,15363,3,1,1,1,3,Non-Travel,3,2,2,3,No,1,3,19,No
18,Male,Married,Research & Development,Laboratory Technician,Technical Degree,3,3288,9,0,0,0,1,Non-Travel,4,4,4,3,No,2,3,15,No
45,Female,Married,Research & Development,Research Director,Life Sciences,3,17064,5,1,1,18,1,Travel_Rarely,3,3,2,4,No,0,1,17,No
47,Female,Married,Research & Development,Research Director,Other,3,17159,12,5,5,28,3,Travel_Rarely,4,3,2,3,No,1,4,16,No
41,Male,Single,Research & Development,Research Director,Life Sciences,4,17171,11,13,1,16,5,Travel_Rarely,4,2,3,3,No,1,5,11,No
33,Male,Single,Research & Development,Research Director,Human Resources,3,15502,28,0,0,7,3,Travel_Frequently,2,3,4,4,No,0,1,20,No
28,Female,Single,Research & Development,Research Scientist,Human Resources,2,2841,8,1,1,9,4,Travel_Rarely,4,2,3,3,No,0,4,16,No
45,Male,Married,Research & Development,Manufacturing Director,Medical,2,9319,1,3,0,28,4,Travel_Frequently,3,4,3,3,No,0,3,11,No
40,Male,Single,Human Resources,Manager,Medical,4,14957,15,3,0,19,5,Travel_Rarely,4,1,3,3,Yes,3,2,14,No
27,Male,Divorced,Research & Development,Research Scientist,Technical Degree,3,4409,1,7,4,7,0,Travel_Frequently,2,1,2,3,No,0,4,12,No
27,Male,Divorced,Research & Development,Manufacturing Director,Life Sciences,3,10120,9,1,0,4,3,Travel_Rarely,2,3,2,3,No,1,2,11,No
26,Female,Married,Research & Development,Manufacturing Director,Marketing,2,10514,22,1,0,1,3,Travel_Rarely,4,3,3,4,No,1,0,16,No
36,Male,Single,Sales,Sales Representative,Human Resources,4,3673,3,0,0,14,3,Non-Travel,3,4,2,3,Yes,1,4,13,No
49,Male,Married,Research & Development,Manufacturing Director,Life Sciences,3,11809,3,13,1,29,2,Travel_Rarely,1,4,3,3,Yes,1,1,11,No
39,Male,Married,Sales,Sales Executive,Marketing,4,6359,23,3,0,14,0,Travel_Rarely,3,3,3,3,No,1,6,20,No
39,Female,Married,Research & Development,Laboratory Technician,Marketing,3,3067,8,3,0,21,0,Travel_Rarely,3,1,2,3,No,0,1,16,No
28,Female,Divorced,Human Resources,Manager,Medical,3,15861,3,8,1,8,1,Travel_Rarely,2,2,3,3,No,1,4,11,No
41,Male,Married,Research & Development,Research Scientist,Marketing,3,3422,15,2,2,15,4,Travel_Rarely,3,4,3,3,No,0,6,14,No
29,Female,Married,Sales,Sales Representative,Other,3,2544,1,3,0,11,2,Travel_Rarely,1,4,3,3,Yes,0,2,11,Yes
27,Male,Married,Research & Development,Manufacturing Director,Marketing,3,9431,2,0,0,7,0,Travel_Rarely,4,2,3,3,Yes,0,0,15,No
41,Male,Divorced,Research & Development,Research Scientist,Human Resources,3,4636,1,4,1,17,3,Travel_Rarely,4,3,3,3,No,0,3,18,No
18,Male,Single,Research & Development,Manufacturing Director,Life Sciences,4,10775,12,0,0,0,2,Travel_Rarely,3,3,3,3,Yes,1,2,17,No
29,Female,Divorced,Human Resources,Human Resources,Other,3,2295,4,2,2,4,2,Travel_Rarely,3,1,4,3,No,0,4,16,No
21,Female,Divorced,Human Resources,Human Resources,Life Sciences,3,5062,1,0,0,0,1,Travel_Rarely,3,2,2,3,No,2,4,15,Yes
48,Male,Divorced,Research & Development,Research Scientist,Technical Degree,3,2968,4,2,2,22,3,Travel_Rarely,1,4,2,3,No,0,4,18,No
39,Male,Divorced,Sales,Sales Representative,Life Sciences,4,2689,12,5,1,21,3,Travel_Rarely,3,4,3,3,No,2,3,13,No
38,Female,Married,Research & Development,Manufacturing Director,Medical,1,10662,6,7,4,19,2,Travel_Frequently,4,3,2,3,Yes,0,2,15,No
32,Male,Single,Research & Development,Manufacturing Director,Human Resources,4,10773,4,12,8,12,2,Travel_Rarely,4,1,3,3,No,2,1,19,No
31,Female,Married,Sales,Manager,Technical Degree,2,15601,1,5,4,18,2,Travel_Frequently,4,3,4,3,Yes,2,1,12,No
46,Female,Married,Sales,Sales Executive,Technical Degree,1,6589,6,1,1,25,2,Travel_Rarely,2,2,2,3,No,1,4,16,No
28,Female,Married,Research & Development,Research Director,Technical Degree,3,17445,1,2,0,9,5,Travel_Rarely,3,4,2,3,No,1,5,12,No
39,Male,Single,Sales,Manager,Marketing,5,12627,2,0,0,16,2,Travel_Rarely,3,2,3,3,No,1,4,15,No
29,Male,Married,Research & Development,Research Scientist,Medical,4,3082,9,4,1,9,2,Travel_Frequently,4,2,3,3,Yes,1,3,15,No
39,Female,Married,Research & Development,Manufacturing Director,Marketing,4,8998,10,0,0,16,2,Travel_Rarely,1,4,2,3,No,1,1,14,No
25,Female,Married,Research & Development,Manufacturing Director,Other,2,11267,12,2,1,2,1,Travel_Rarely,1,3,3,3,No,3,3,20,No
41,Male,Married,Human Resources,Manager,Medical,3,13444,1,1,1,17,3,Travel_Rarely,4,3,2,3,Yes,0,4,11,No
40,Male,Divorced,Research & Development,Research Scientist,Life Sciences,3,3870,1,7,7,16,1,Travel_Rarely,3,2,3,3,Yes,0,4,11,No
35,Male,Single,Sales,Sales Representative,Marketing,4,2664,7,4,3,14,3,Travel_Rarely,2,3,4,4,No,0,2,11,No
34,Female,Single,Sales,Sales Representative,Other,4,1457,2,3,0,7,2,Travel_Rarely,3,4,3,3,No,1,2,15,No
47,Male,Single,Human Resources,Human Resources,Human Resources,4,4569,17,15,1,29,2,Travel_Rarely,4,4,3,3,Yes,0,4,16,No
31,Male,Married,Sales,Sales Representative,Human Resources,3,3606,3,0,0,13,5,Travel_Rarely,1,4,4,3,No,1,1,17,No
26,Female,Single,Research & Development,Research Director,Medical,3,17339,1,2,2,2,3,Travel_Rarely,3,3,3,4,No,3,4,15,No
53,Female,Married,Sales,Sales Executive,Human Resources,4,8551,16,6,2,30,2,Travel_Rarely,2,2,3,3,No,0,2,13,No
41,Female,Single,Research & Development,Research Director,Marketing,4,14428,4,0,0,24,2,Travel_Rarely,4,3,3,3,No,0,2,12,No
36,Male,Divorced,Research & Development,Laboratory Technician,Other,5,3906,1,15,2,15,3,Travel_Rarely,2,3,3,3,No,0,2,14,Yes
41,Female,Married,Sales,Sales Executive,Marketing,4,8484,1,8,3,20,0,Travel_Rarely,3,4,2,3,No,0,3,13,No
37,Female,Divorced,Research & Development,Research Director,Marketing,4,15360,1,2,1,17,1,Travel_Frequently,2,3,3,3,No,0,3,16,No
36,Male,Married,Research & Development,Research Director,Life Sciences,3,14982,3,1,1,13,3,Travel_Frequently,3,3,3,3,No,3,2,17,No
23,Male,Married,Research & Development,Research Scientist,Medical,3,4043,7,1,0,1,1,Travel_Rarely,2,3,3,4,No,0,2,11,Yes
39,Female,Divorced,Research & Development,Manufacturing Director,Technical Degree,3,12712,8,21,0,21,1,Travel_Rarely,3,4,3,3,No,1,4,20,No
56,Female,Single,Research & Development,Research Director,Human Resources,3,15242,7,2,2,32,1,Non-Travel,2,3,3,3,Yes,1,6,20,No
38,Male,Divorced,Research & Development,Research Scientist,Human Resources,3,4551,1,3,1,17,5,Travel_Rarely,4,2,3,3,Yes,2,3,17,No
26,Female,Single,Research & Development,Manufacturing Director,Human Resources,3,9950,1,2,2,2,3,Travel_Rarely,2,4,3,3,Yes,2,3,12,No
30,Female,Single,Sales,Sales Representative,Medical,3,3388,3,1,0,2,2,Travel_Frequently,1,3,1,3,Yes,3,2,20,Yes
25,Male,Single,Research & Development,Research Director,Technical Degree,1,16193,3,6,0,6,2,Travel_Rarely,4,1,3,3,Yes,0,6,18,No
31,Male,Single,Sales,Sales Representative,Marketing,3,2445,19,1,1,4,1,Travel_Rarely,3,1,2,3,No,0,3,14,No
34,Male,Single,Human Resources,Human Resources,Life Sciences,4,6044,1,0,0,12,2,Travel_Frequently,4,4,2,3,No,0,1,15,No
43,Female,Married,Research & Development,Research Scientist,Technical Degree,2,4153,12,0,0,20,4,Travel_Rarely,4,2,2,3,Yes,1,3,13,No
33,Female,Married,Research & Development,Research Scientist,Medical,3,4964,9,5,5,14,3,Travel_Frequently,2,4,2,3,No,1,5,12,No
37,Male,Married,Sales,Sales Executive,Marketing,4,7578,2,5,1,15,4,Travel_Rarely,4,1,4,3,Yes,2,2,13,No
39,Male,Married,Research & Development,Research Director,Technical Degree,1,15903,21,6,3,13,1,Travel_Frequently,2,4,3,3,No,1,0,13,No
35,Male,Single,Sales,Manager,Marketing,1,14195,1,0,0,15,1,Travel_Rarely,1,3,2,3,No,1,2,15,No
48,Male,Divorced,Research & Development,Manufacturing Director,Human Resources,4,8059,1,4,2,28,2,Travel_Rarely,3,3,2,3,No,0,3,11,No
32,Male,Single,Research & Development,Research Scientist,Life Sciences,1,4607,19,2,2,7,3,Travel_Frequently,3,4,3,4,No,1,5,11,Yes
35,Male,Married,Research & Development,Research Director,Life Sciences,3,16762,7,3,3,12,1,Travel_Rarely,4,3,3,4,No,1,6,13,No
26,Male,Married,Research & Development,Manufacturing Director,Other,1,10439,4,1,1,6,1,Travel_Frequently,1,3,3,3,No,1,2,11,No
33,Male,Married,Research & Development,Laboratory Technician,Technical Degree,2,4886,1,4,0,12,3,Travel_Frequently,3,4,1,3,Yes,1,6,16,No
43,Male,Married,Research & Development,Research Scientist,Other,1,4750,11,10,8,20,3,Travel_Rarely,1,2,3,3,No,1,4,14,No
45,Male,Divorced,Research & Development,Research Scientist,Medical,3,8341,2,15,0,27,0,Travel_Frequently,2,4,3,3,Yes,0,4,14,No
47,Male,Married,Research & Development,Laboratory Technician,Other,3,5846,7,15,11,29,3,Travel_Rarely,4,4,3,3,Yes,0,3,14,No
40,Male,Single,Sales,Sales Representative,Marketing,4,3111,4,1,0,24,3,Travel_Rarely,4,4,3,3,No,1,2,16,No
40,Male,Married,Research & Development,Manufacturing Director,Medical,2,9908,1,1,0,20,3,Non-Travel,3,1,3,3,No,2,6,15,No
33,Male,Divorced,Research & Development,Research Scientist,Other,3,5397,17,6,4,14,5,Travel_Rarely,4,2,4,3,No,1,6,23,No
45,Male,Married,Sales,Manager,Technical Degree,4,12832,29,3,3,25,1,Travel_Rarely,4,2,2,3,No,1,3,18,No
28,Male,Married,Research & Development,Research Director,Human Resources,3,14990,5,2,2,2,1,Travel_Rarely,1,1,3,3,No,0,2,18,No
37,Female,Single,Research & Development,Manufacturing Director,Technical Degree,4,9455,3,2,1,17,2,Travel_Rarely,2,3,1,3,No,0,4,11,No
26,Male,Married,Sales,Manager,Other,2,14503,1,3,3,3,4,Travel_Rarely,3,1,3,3,No,0,2,14,No
35,Male,Divorced,Sales,Manager,Other,3,13233,1,2,0,11,2,Travel_Rarely,4,3,3,3,No,0,0,18,No
32,Female,Single,Sales,Sales Representative,Technical Degree,4,4241,1,3,1,8,5,Travel_Rarely,3,4,3,3,Yes,1,3,11,No
48,Female,Single,Research & Development,Research Director,Technical Degree,4,16246,1,1,1,32,3,Travel_Rarely,1,3,3,3,Yes,3,3,15,No
45,Male,Single,Human Resources,Manager,Other,2,14761,1,9,1,16,3,Travel_Rarely,4,4,3,3,No,2,3,11,No
24,Female,Married,Research & Development,Research Director,Marketing,1,16162,5,3,3,3,3,Travel_Rarely,3,4,3,3,No,1,2,12,No
40,Male,Single,Research & Development,Laboratory Technician,Technical Degree,3,2953,15,8,4,20,6,Travel_Rarely,3,2,3,3,No,1,5,22,No
34,Female,Single,Sales,Sales Representative,Medical,1,3774,7,0,0,14,4,Travel_Rarely,1,4,2,3,No,3,2,16,Yes
28,Female,Single,Research & Development,Laboratory Technician,Life Sciences,3,2756,6,4,2,9,2,Travel_Rarely,1,3,3,3,Yes,2,2,15,Yes
45,Male,Single,Sales,Sales Executive,Medical,3,4743,6,0,0,20,2,Non-Travel,4,4,3,4,No,1,1,11,No
38,Male,Divorced,Sales,Sales Representative,Other,2,3716,2,4,0,18,1,Travel_Rarely,3,4,3,3,No,1,3,17,No
38,Male,Married,Research & Development,Research Scientist,Other,3,4957,10,4,1,19,3,Travel_Rarely,2,4,3,4,Yes,0,4,11,Yes
26,Male,Married,Sales,Manager,Medical,3,13639,4,2,0,5,2,Travel_Rarely,3,3,3,3,No,1,4,13,No
25,Male,Married,Sales,Sales Executive,Marketing,3,8969,17,5,1,6,4,Travel_Frequently,3,3,3,3,No,1,3,11,Yes
27,Male,Divorced,Research & Development,Research Scientist,Technical Degree,4,4258,1,0,0,6,2,Travel_Rarely,4,3,2,4,No,1,1,16,Yes
30,Male,Single,Sales,Sales Representative,Medical,1,3236,8,3,2,8,0,Non-Travel,2,3,3,3,No,0,6,11,Yes
43,Male,Divorced,Research & Development,Laboratory Technician,Marketing,4,5403,3,8,1,20,1,Travel_Rarely,1,4,1,3,No,0,3,18,No
26,Male,Married,Research & Development,Laboratory Technician,Human Resources,3,5251,22,7,1,7,4,Travel_Rarely,1,1,3,3,Yes,1,4,13,Yes
43,Male,Married,Research & Development,Research Scientist,Human Resources,3,4179,1,0,0,18,3,Non-Travel,1,2,2,3,No,0,1,16,No
40,Female,Married,Research & Development,Manufacturing Director,Medical,2,9546,3,8,0,22,4,Travel_Rarely,4,1,4,3,No,0,4,16,No
51,Female,Married,Research & Development,Research Director,Marketing,3,16161,7,8,0,29,3,Travel_Rarely,1,2,2,3,Yes,1,3,18,No
46,Male,Divorced,Research & Development,Research Director,Technical Degree,3,15452,1,0,0,25,2,Travel_Rarely,3,3,3,3,No,1,0,12,No
25,Male,Married,Research & Development,Laboratory Technician,Other,3,2151,6,0,0,5,3,Travel_Rarely,3,1,3,3,Yes,0,4,15,No
39,Male,Single,Research & Development,Research Director,Human Resources,3,16696,1,7,5,16,4,Travel_Rarely,2,2,3,3,No,1,1,19,No
46,Male,Married,Research & Development,Research Director,Life Sciences,3,13579,6,4,0,26,3,Travel_Rarely,4,1,2,3,Yes,0,4,12,No
38,Male,Divorced,Research & Development,Research Scientist,Medical,4,3616,2,4,2,13,2,Travel_Rarely,4,4,4,4,Yes,0,1,16,No
44,Female,Divorced,Research & Development,Laboratory Technician,Marketing,4,5402,29,18,0,18,2,Travel_Rarely,2,1,3,3,No,1,5,24,No
44,Male,Married,Research & Development,Research Director,Medical,4,15874,24,2,1,24,6,Travel_Rarely,3,4,3,4,No,3,4,15,No
25,Female,Divorced,Human Resources,Manager,Technical Degree,2,14502,16,6,0,6,3,Travel_Rarely,4,1,2,3,No,1,1,15,No
25,Male,Married,Research & Development,Research Scientist,Other,4,4162,1,1,1,1,0,Travel_Rarely,3,1,3,3,Yes,0,4,22,No
43,Female,Married,Research & Development,Manufacturing Director,Technical Degree,3,8424,6,0,0,21,3,Non-Travel,3,4,3,3,Yes,2,1,19,No
40,Male,Single,Research & Development,Research Scientist,Marketing,2,5173,6,2,2,25,3,Travel_Frequently,2,4,2,3,No,0,4,18,No
27,Female,Married,Research & Development,Laboratory Technician,Technical Degree,1,1260,4,0,0,12,5,Non-Travel,4,1,3,3,No,0,3,19,No
36,Male,Single,Research & Development,Research Director,Life Sciences,2,14693,17,1,1,15,7,Travel_Rarely,4,4,3,3,No,1,2,20,No
36,Female,Divorced,Sales,Sales Representative,Marketing,1,4330,15,2,2,20,2,Travel_Rarely,3,3,3,3,Yes,1,3,16,No
39,Male,Single,Sales,Manager,Technical Degree,3,13180,1,2,2,19,2,Travel_Frequently,4,2,3,3,No,2,4,15,No
27,Female,Married,Research & Development,Manufacturing Director,Medical,2,9609,8,3,3,4,4,Travel_Rarely,4,2,3,3,Yes,2,2,13,No
39,Male,Married,Research & Development,Research Scientist,Medical,4,6636,12,14,1,14,5,Non-Travel,3,1,3,3,No,0,1,21,Yes
35,Male,Divorced,Sales,Sales Representative,Technical Degree,3,3292,9,1,1,18,5,Travel_Rarely,4,4,3,3,No,1,3,16,No
43,Male,Married,Research & Development,Research Director,Technical Degree,2,16762,18,13,1,17,4,Travel_Rarely,1,2,3,3,No,0,3,12,No
35,Male,Married,Research & Development,Laboratory Technician,Technical Degree,4,4496,4,10,7,10,4,Travel_Frequently,1,1,3,3,No,2,1,17,Yes
28,Male,Single,Sales,Manager,Life Sciences,4,15271,5,7,1,7,3,Travel_Rarely,4,2,1,3,No,1,0,11,No
41,Male,Divorced,Sales,Manager,Life Sciences,3,14123,1,3,0,18,2,Travel_Rarely,3,1,3,4,No,0,4,15,No
28,Female,Divorced,Sales,Manager,Marketing,2,12881,8,2,2,2,5,Travel_Rarely,4,3,2,3,Yes,1,2,16,Yes
43,Male,Married,Research & Development,Manufacturing Director,Medical,2,11404,4,4,1,23,5,Travel_Rarely,3,3,3,3,No,0,3,13,No
50,Female,Divorced,Research & Development,Research Director,Other,2,14403,1,2,2,25,4,Travel_Rarely,1,1,3,3,Yes,1,5,14,No
46,Female,Single,Sales,Manager,Medical,2,14253,4,3,0,20,1,Travel_Frequently,2,4,3,3,No,0,3,13,No
19,Male,Married,Research & Development,Research Director,Marketing,3,15012,1,0,0,0,3,Travel_Rarely,4,3,2,3,No,0,4,15,No
29,Female,Single,Research & Development,Research Scientist,Human Resources,3,4750,14,5,2,5,0,Travel_Rarely,3,3,2,3,No,0,1,14,No
36,Male,Single,Sales,Sales Executive,Human Resources,3,7453,16,5,0,14,2,Travel_Rarely,3,4,4,3,No,0,3,12,No
39,Male,Married,Sales,Sales Executive,Marketing,3,7205,2,2,0,19,3,Non-Travel,3,4,3,3,No,1,2,11,No
37,Female,Single,Sales,Sales Executive,Human Resources,4,7307,6,8,8,17,4,Travel_Rarely,1,4,3,4,No,1,2,17,No
37,Male,Single,Sales,Sales Representative,Other,3,3705,8,1,1,14,1,Travel_Frequently,4,4,4,3,No,0,2,12,No
38,Female,Married,Research & Development,Laboratory Technician,Human Resources,4,3867,14,1,1,21,5,Travel_Rarely,3,4,2,3,No,0,1,13,No
43,Male,Single,Research & Development,Research Director,Human Resources,5,16718,2,7,2,21,6,Travel_Rarely,1,3,3,3,Yes,1,2,11,No
30,Female,Divorced,Research & Development,Laboratory Technician,Human Resources,4,3513,17,1,1,5,2,Travel_Frequently,2,4,3,3,No,0,2,14,Yes
30,Male,Married,Sales,Sales Executive,Medical,4,8302,1,9,0,9,3,Travel_Rarely,1,3,3,3,No,0,1,11,Yes
33,Female,Divorced,Research & Development,Laboratory Technician,Other,5,4103,22,7,5,12,2,Travel_Rarely,1,4,3,3,Yes,0,3,17,Yes
50,Female,Married,Research & Development,Manufacturing Director,Life Sciences,5,7907,2,1,0,30,3,Travel_Frequently,1,1,3,3,No,3,3,11,No
28,Female,Married,Sales,Sales Representative,Medical,4,2843,1,9,9,9,1,Travel_Rarely,4,4,3,3,No,0,4,11,No
46,Male,Single,Research & Development,Manufacturing Director,Human Resources,4,10621,12,5,5,23,2,Travel_Rarely,4,3,3,4,No,1,6,18,No
34,Female,Married,Sales,Sales Executive,Human Resources,4,7248,3,2,1,11,3,Travel_Rarely,3,3,4,3,Yes,0,3,18,No
38,Female,Divorced,Sales,Sales Representative,Life Sciences,3,5846,1,12,4,12,1,Non-Travel,3,3,3,4,No,1,1,17,No
40,Male,Married,Research & Development,Research Director,Technical Degree,4,15263,3,1,1,19,1,Travel_Rarely,3,2,3,3,No,1,2,13,No
21,Male,Single,Sales,Sales Executive,Technical Degree,4,6783,5,0,0,0,2,Travel_Rarely,3,3,3,4,Yes,3,6,14,No
44,Male,Married,Research & Development,Research Scientist,Technical Degree,4,3895,8,7,1,18,2,Travel_Rarely,3,3,2,3,No,1,3,18,No
46,Male,Married,Research & Development,Research Director,Technical Degree,3,15590,16,1,0,28,1,Travel_Frequently,3,4,2,3,Yes,2,2,13,No
31,Male,Married,Research & Development,Manufacturing Director,Marketing,1,8902,1,5,5,14,4,Non-Travel,2,4,2,3,Yes,0,6,14,No
18,Male,Married,Research & Development,Research Scientist,Technical Degree,3,5239,7,0,0,0,3,Travel_Rarely,2,3,2,3,No,0,6,12,No
24,Female,Divorced,Research & Development,Laboratory Technician,Life Sciences,3,3285,1,2,2,7,4,Travel_Rarely,1,1,3,4,No,0,1,11,No
30,Male,Married,Sales,Sales Representative,Other,4,2798,1,2,2,7,2,Travel_Frequently,1,2,3,3,No,1,6,13,Yes
56,Female,Single,Sales,Sales Representative,Life Sciences,3,3495,5,3,2,38,2,Travel_Rarely,4,3,2,3,Yes,0,2,18,No
20,Male,Married,Research & Development,Laboratory Technician,Medical,4,2564,5,0,0,0,2,Travel_Rarely,4,2,2,3,No,3,4,16,Yes
25,Male,Married,Sales,Manager,Other,4,13529,18,5,2,5,7,Travel_Frequently,3,4,3,3,No,1,5,12,Yes
33,Male,Divorced,Research & Development,Research Director,Human Resources,2,16957,1,7,1,13,2,Travel_Rarely,4,3,3,4,No,0,4,11,No
59,Male,Single,Research & Development,Laboratory Technician,Human Resources,4,3086,8,1,1,40,4,Non-Travel,1,4,3,3,No,2,3,11,No
30,Male,Married,Research & Development,Research Director,Technical Degree,2,14844,13,5,1,10,2,Travel_Frequently,4,1,2,3,No,0,2,18,No
32,Female,Married,Sales,Sales Representative,Medical,2,5951,3,2,0,11,3,Travel_Rarely,3,3,3,3,Yes,1,6,17,Yes
51,Male,Married,Research & Development,Research Director,Medical,3,16836,1,5,0,30,3,Travel_Rarely,3,1,3,4,No,2,5,11,No
34,Female,Single,Research & Development,Research Scientist,Other,3,5617,9,3,1,16,2,Travel_Rarely,4,2,2,3,No,2,0,15,No
39,Female,Divorced,Sales,Manager,Life Sciences,3,13352,11,10,2,10,1,Travel_Rarely,3,1,3,3,No,0,4,19,No
39,Male,Divorced,Human Resources,Human Resources,Medical,3,3713,1,4,1,21,4,Travel_Rarely,4,3,4,3,Yes,0,3,11,No
33,Male,Divorced,Research & Development,Research Director,Other,4,15143,1,11,0,11,4,Travel_Rarely,4,4,3,3,No,1,4,12,No
31,Female,Married,Research & Development,Research Director,Medical,3,15904,3,1,0,10,3,Travel_Rarely,2,3,2,4,Yes,0,2,14,No
24,Male,Divorced,Research & Development,Research Scientist,Human Resources,3,4529,16,1,1,1,2,Travel_Rarely,3,2,3,4,No,1,2,18,No
38,Male,Married,Research & Development,Manufacturing Director,Other,3,9267,15,1,1,10,4,Travel_Rarely,2,3,2,3,Yes,0,3,11,No
37,Male,Married,Research & Development,Research Scientist,Marketing,1,6253,18,16,0,16,1,Non-Travel,1,4,3,3,No,2,3,14,No
31,Male,Divorced,Research & Development,Research Director,Technical Degree,3,15107,1,2,2,12,5,Non-Travel,1,2,2,3,No,0,0,14,No
34,Male,Single,Research & Development,Manufacturing Director,Marketing,3,9458,2,1,1,14,3,Travel_Rarely,3,4,3,3,No,0,2,13,No
52,Female,Married,Research & Development,Laboratory Technician,Other,2,3331,10,0,0,34,2,Travel_Rarely,2,2,2,3,Yes,0,1,15,No
34,Male,Married,Research & Development,Research Scientist,Other,1,5189,2,9,2,18,3,Travel_Rarely,2,1,4,3,Yes,0,2,11,No
32,Male,Married,Sales,Sales Representative,Human Resources,3,3223,25,3,3,9,3,Non-Travel,4,2,2,4,No,0,0,17,Yes
37,Female,Divorced,Research & Development,Manufacturing Director,Human Resources,4,11136,4,8,3,18,3,Non-Travel,3,2,2,3,No,0,5,17,No
42,Female,Married,Sales,Sales Representative,Human Resources,3,1745,11,1,1,23,3,Travel_Frequently,3,2,2,3,No,1,1,11,Yes
32,Male,Married,Research & Development,Manufacturing Director,Other,2,12184,29,9,2,9,6,Non-Travel,1,4,1,3,No,0,4,17,No
29,Male,Married,Research & Development,Manufacturing Director,Other,4,11171,1,9,2,9,2,Travel_Rarely,3,1,3,3,No,0,1,18,No
22,Male,Married,Research & Development,Research Scientist,Medical,2,3168,8,0,0,0,1,Travel_Rarely,3,3,2,4,Yes,1,5,16,No
34,Male,Single,Research & Development,Research Director,Medical,3,16745,1,2,2,11,3,Travel_Rarely,4,4,3,3,No,0,4,17,No
20,Male,Married,Research & Development,Research Director,Technical Degree,3,15466,3,0,0,0,3,Travel_Frequently,2,1,2,3,No,0,3,17,No
36,Female,Divorced,Research & Development,Laboratory Technician,Medical,3,5398,5,9,3,16,2,Non-Travel,3,3,3,3,No,0,4,11,No
38,Male,Divorced,Sales,Sales Representative,Technical Degree,2,3739,5,7,0,19,3,Travel_Frequently,2,3,3,4,No,2,0,13,No
48,Female,Divorced,Research & Development,Manufacturing Director,Other,2,9181,13,5,2,27,1,Travel_Rarely,4,3,2,3,No,0,1,13,No
37,Male,Married,Research & Development,Research Director,Medical,4,14575,18,1,1,18,5,Travel_Rarely,3,1,3,3,No,1,1,18,No
40,Male,Married,Research & Development,Laboratory Technician,Marketing,4,3375,1,4,3,19,3,Travel_Frequently,1,4,3,4,No,0,2,11,No
40,Male,Single,Research & Development,Manufacturing Director,Marketing,3,8721,8,4,2,20,1,Travel_Rarely,4,4,3,3,No,0,5,13,No
29,Male,Married,Research & Development,Laboratory Technician,Human Resources,1,2424,24,5,5,12,5,Travel_Frequently,4,3,3,3,No,1,0,14,No
44,Male,Single,Research & Development,Research Scientist,Marketing,4,6120,1,5,5,19,2,Travel_Frequently,1,4,3,3,No,3,2,12,No
41,Female,Married,Sales,Sales Executive,Medical,4,7634,7,5,0,23,3,Travel_Rarely,4,1,3,3,No,0,3,11,No
47,Male,Married,Research & Development,Research Scientist,Marketing,3,7651,22,12,2,27,2,Travel_Rarely,2,3,3,3,Yes,2,3,12,No
31,Male,Married,Research & Development,Manufacturing Director,Technical Degree,3,9547,9,2,1,14,0,Travel_Rarely,4,2,1,4,Yes,0,3,11,No
28,Female,Divorced,Sales,Sales Representative,Marketing,3,2932,14,1,1,8,1,Travel_Rarely,3,2,3,3,Yes,1,3,14,No
25,Male,Divorced,Research & Development,Research Director,Other,3,16014,5,0,0,6,3,Travel_Rarely,1,3,2,3,No,1,1,18,No
40,Female,Divorced,Sales,Sales Executive,Human Resources,4,4926,2,1,1,20,3,Travel_Rarely,4,3,1,4,No,0,2,22,No
18,Male,Divorced,Human Resources,Human Resources,Other,5,3449,10,0,0,0,2,Travel_Rarely,1,4,3,4,No,0,6,11,Yes
24,Female,Married,Sales,Sales Representative,Technical Degree,2,3847,8,3,3,3,4,Travel_Rarely,1,4,3,3,Yes,0,1,11,Yes
35,Male,Single,Research & Development,Research Scientist,Medical,4,5748,2,9,0,15,1,Travel_Frequently,3,3,3,3,Yes,0,5,16,No
55,Female,Single,Research & Development,Research Director,Marketing,4,14340,1,5,1,31,3,Travel_Rarely,4,4,3,4,Yes,3,1,11,No
34,Male,Single,Research & Development,Research Scientist,Life Sciences,3,3966,9,1,1,11,2,Travel_Rarely,1,4,3,3,No,1,0,17,No
33,Male,Single,Research & Development,Research Scientist,Human Resources,3,5429,7,12,1,12,2,Travel_Rarely,3,3,3,3,Yes,0,4,14,No
35,Female,Divorced,Human Resources,Human Resources,Technical Degree,3,4372,9,1,1,16,1,Travel_Rarely,4,3,3,3,No,0,4,15,No
36,Female,Married,Research & Development,Research Scientist,Marketing,3,5061,4,1,1,12,7,Travel_Rarely,4,1,2,4,No,1,2,12,No
27,Male,Married,Research & Development,Research Scientist,Human Resources,1,5476,6,2,1,6,3,Travel_Frequently,4,2,3,3,Yes,0,4,13,Yes
39,Female,Married,Research & Development,Research Scientist,Life Sciences,2,5937,3,9,2,19,3,Travel_Rarely,1,1,4,4,Yes,0,2,11,No
48,Female,Married,Research & Development,Laboratory Technician,Life Sciences,3,2545,1,7,0,29,6,Travel_Rarely,4,3,2,3,No,2,1,12,No
47,Male,Single,Sales,Manager,Marketing,1,13571,1,0,0,20,3,Travel_Rarely,3,1,4,3,Yes,1,2,21,No
29,Male,Married,Research & Development,Research Director,Life Sciences,3,15054,9,1,0,6,1,Travel_Rarely,2,1,3,3,No,0,1,17,Yes
44,Male,Divorced,Sales,Sales Executive,Human Resources,2,7077,4,6,0,22,2,Travel_Rarely,1,3,3,3,Yes,0,3,13,No
27,Female,Divorced,Research & Development,Manufacturing Director,Other,2,9364,1,5,4,6,3,Non-Travel,4,4,2,3,No,2,1,11,No
35,Male,Married,Sales,Manager,Marketing,2,13406,8,0,0,10,4,Travel_Rarely,1,3,3,3,No,1,3,12,No
46,Male,Married,Research & Development,Research Director,Marketing,3,16782,4,8,0,27,3,Travel_Frequently,4,3,3,3,No,3,3,11,No
37,Male,Divorced,Sales,Sales Executive,Human Resources,1,7849,7,2,2,15,4,Travel_Frequently,4,3,3,3,Yes,0,5,16,Yes
32,Male,Single,Research & Development,Research Director,Medical,3,14799,2,0,0,11,3,Non-Travel,4,4,3,3,No,3,6,15,No
43,Male,Married,Research & Development,Laboratory Technician,Marketing,4,2920,3,3,3,25,1,Travel_Frequently,2,4,2,3,No,0,2,11,No
38,Male,Married,Sales,Manager,Human Resources,3,15245,15,0,0,17,2,Travel_Rarely,2,3,3,3,No,2,3,11,No
51,Male,Single,Sales,Sales Executive,Medical,5,8321,9,4,4,36,2,Travel_Rarely,3,2,3,3,No,1,2,15,No
34,Female,Married,Research & Development,Manufacturing Director,Other,3,10041,1,0,0,16,4,Travel_Rarely,3,3,1,3,No,0,2,13,No
43,Female,Single,Research & Development,Research Director,Other,3,14974,22,2,2,12,1,Travel_Rarely,4,4,3,3,No,0,5,22,No
60,Female,Married,Sales,Sales Executive,Life Sciences,4,5691,8,0,0,39,4,Travel_Rarely,1,2,3,3,No,2,0,11,No
37,Male,Single,Research & Development,Research Scientist,Marketing,3,5948,4,8,2,11,3,Travel_Rarely,3,3,3,4,No,0,4,20,No
38,Female,Married,Research & Development,Manufacturing Director,Marketing,1,10284,1,2,2,22,2,Travel_Rarely,4,2,2,4,No,1,5,14,No
37,Male,Married,Research & Development,Research Scientist,Technical Degree,4,5539,15,8,0,12,6,Travel_Frequently,4,4,1,3,No,2,0,18,No
44,Male,Divorced,Sales,Manager,Medical,4,13570,3,2,2,20,2,Travel_Frequently,1,1,3,4,No,0,1,19,No
34,Male,Single,Research & Development,Laboratory Technician,Other,2,3077,1,7,1,10,1,Travel_Rarely,4,3,3,4,No,0,5,22,No
42,Female,Single,Research & Development,Manufacturing Director,Other,3,9933,2,1,1,16,2,Travel_Rarely,2,4,3,4,No,0,3,13,No
36,Male,Divorced,Research & Development,Manufacturing Director,Medical,3,9847,29,3,0,12,1,Travel_Rarely,2,3,1,3,Yes,2,3,15,No
29,Male,Single,Research & Development,Laboratory Technician,Life Sciences,1,3134,2,1,1,7,8,Travel_Rarely,4,3,3,3,No,3,6,15,No
28,Male,Divorced,Sales,Manager,Other,1,12801,6,1,1,4,1,Non-Travel,2,3,2,4,No,0,2,17,No
33,Male,Married,Research & Development,Laboratory Technician,Medical,4,4394,1,4,1,11,3,Travel_Rarely,2,3,4,3,Yes,1,4,19,No
35,Male,Divorced,Research & Development,Manufacturing Director,Other,4,12174,6,8,2,11,0,Travel_Rarely,3,4,3,3,Yes,1,2,11,No
44,Male,Married,Research & Development,Research Director,Medical,2,16703,8,21,0,23,4,Travel_Frequently,2,4,3,3,No,0,2,15,No
18,Male,Single,Research & Development,Manufacturing Director,Technical Degree,4,8827,2,0,0,0,3,Travel_Rarely,1,2,1,4,No,2,0,15,No
50,Male,Divorced,Research & Development,Research Director,Technical Degree,4,16703,1,6,0,29,3,Non-Travel,1,2,1,3,No,0,2,14,No
42,Female,Married,Sales,Sales Representative,Human Resources,3,3574,20,5,5,25,0,Travel_Rarely,2,2,3,3,Yes,0,2,12,No
39,Male,Single,Sales,Sales Representative,Life Sciences,3,3533,27,1,1,15,1,Travel_Rarely,2,3,3,3,No,0,2,12,No
39,Male,Single,Research & Development,Manufacturing Director,Human Resources,2,10996,18,6,6,15,3,Travel_Frequently,3,2,4,3,Yes,0,5,11,No
42,Female,Divorced,Sales,Manager,Technical Degree,4,13562,10,3,3,22,2,Travel_Rarely,3,2,3,3,Yes,2,5,12,No
44,Female,Divorced,Sales,Sales Executive,Human Resources,3,7874,1,6,1,21,2,Travel_Rarely,1,2,2,3,No,2,2,13,No
45,Male,Married,Research & Development,Research Director,Marketing,4,16353,7,10,2,23,4,Travel_Rarely,3,4,2,3,No,0,0,18,No
32,Male,Married,Research & Development,Manufacturing Director,Human Resources,2,10967,10,4,1,15,3,Non-Travel,2,4,3,3,No,0,6,14,No
37,Female,Divorced,Research & Development,Research Scientist,Technical Degree,4,4537,29,7,1,14,2,Travel_Rarely,4,3,3,3,Yes,1,5,11,No
34,Male,Single,Human Resources,Manager,Human Resources,3,15847,4,2,1,6,2,Travel_Rarely,2,3,3,4,No,0,2,11,No
45,Female,Married,Research & Development,Manufacturing Director,Life Sciences,2,10768,29,2,2,22,3,Travel_Rarely,4,4,3,3,Yes,2,1,15,No
28,Male,Married,Research & Development,Research Scientist,Life Sciences,2,6116,1,7,3,7,6,Travel_Rarely,4,2,3,3,No,1,1,18,No
35,Male,Divorced,Research & Development,Research Director,Marketing,3,17764,1,12,0,12,2,Travel_Rarely,2,4,3,3,No,1,3,15,No
18,Female,Divorced,Research & Development,Research Director,Life Sciences,4,13550,13,1,1,1,4,Travel_Rarely,2,1,2,3,No,1,0,16,No
36,Male,Single,Research & Development,Manufacturing Director,Medical,4,10391,1,9,5,16,2,Travel_Frequently,4,3,2,3,No,2,1,17,No
37,Female,Married,Sales,Manager,Life Sciences,2,13913,1,0,0,17,4,Travel_Rarely,2,3,3,3,No,1,3,18,Yes
33,Male,Married,Research & Development,Research Scientist,Medical,2,3953,29,1,1,14,3,Travel_Rarely,4,3,2,3,No,0,4,11,No
47,Female,Married,Research & Development,Research Scientist,Technical Degree,3,7449,9,17,1,22,0,Travel_Rarely,4,2,1,3,No,1,2,16,No
28,Female,Married,Sales,Manager,Medical,2,13801,1,1,1,4,4,Travel_Frequently,3,4,3,3,Yes,1,2,13,Yes
34,Female,Divorced,Research & Development,Laboratory Technician,Medical,4,2856,1,1,1,17,1,Travel_Rarely,4,3,3,3,Yes,1,5,14,No
35,Female,Divorced,Research & Development,Laboratory Technician,Human Resources,3,2448,8,2,2,9,3,Non-Travel,1,2,3,3,No,0,5,12,No
27,Female,Divorced,Research & Development,Manufacturing Director,Life Sciences,3,11253,4,0,0,2,1,Travel_Frequently,3,3,3,4,Yes,2,2,16,Yes
28,Female,Married,Research & Development,Laboratory Technician,Technical Degree,4,3681,3,11,2,11,2,Travel_Rarely,2,3,2,3,No,0,0,11,No
45,Male,Married,Research & Development,Laboratory Technician,Human Resources,3,3236,14,0,0,24,1,Travel_Rarely,2,3,3,3,Yes,1,4,14,No
38,Male,Married,Research & Development,Research Scientist,Technical Degree,2,5475,4,12,0,12,3,Travel_Rarely,2,3,2,3,No,1,1,12,No
37,Female,Divorced,Sales,Sales Representative,Life Sciences,5,1877,8,5,2,14,2,Travel_Rarely,3,2,3,3,No,1,0,14,Yes
18,Male,Married,Research & Development,Manufacturing Director,Other,1,9177,7,0,0,0,3,Travel_Frequently,3,1,3,3,Yes,1,4,24,Yes
30,Male,Divorced,Sales,Sales Executive,Human Resources,4,7075,1,2,2,10,4,Travel_Frequently,3,3,3,3,No,2,5,11,No
37,Female,Divorced,Sales,Manager,Medical,1,15263,9,3,3,16,3,Non-Travel,2,1,3,3,No,1,2,17,No
47,Male,Single,Research & Development,Research Director,Marketing,2,14746,1,7,0,27,3,Travel_Frequently,2,2,3,3,No,0,4,14,No
35,Male,Married,Research & Development,Manufacturing Director,Marketing,4,11497,16,11,0,11,1,Travel_Rarely,1,3,3,3,Yes,1,1,14,No
38,Male,Married,Research & Development,Research Scientist,Medical,4,5053,2,4,2,14,3,Travel_Rarely,2,3,2,3,Yes,1,2,16,No
60,Male,Married,Research & Development,Manufacturing Director,Marketing,2,8897,18,4,0,40,2,Travel_Rarely,4,3,2,3,No,2,1,15,No
46,Male,Divorced,Research & Development,Laboratory Technician,Life Sciences,4,5719,2,11,0,23,0,Travel_Rarely,4,3,1,4,No,2,1,16,No
32,Male,Single,Research & Development,Research Director,Life Sciences,3,15708,3,6,0,6,1,Travel_Frequently,3,4,3,3,Yes,1,0,13,No
55,Male,Divorced,Research & Development,Research Scientist,Other,2,3945,6,1,1,31,1,Travel_Frequently,2,2,3,3,No,1,6,15,No
21,Female,Married,Sales,Sales Representative,Medical,3,1006,7,0,0,0,2,Travel_Rarely,2,3,2,3,No,1,2,18,Yes
31,Male,Divorced,Research & Development,Laboratory Technician,Marketing,4,3382,1,5,3,9,6,Travel_Rarely,4,1,3,3,No,3,3,23,No
45,Male,Single,Research & Development,Research Scientist,Life Sciences,3,6003,14,14,2,20,8,Travel_Rarely,2,1,3,3,Yes,0,2,14,No
46,Female,Divorced,Research & Development,Manufacturing Director,Medical,2,8581,3,1,1,22,3,Travel_Rarely,3,1,2,4,No,1,4,11,No
51,Female,Married,Research & Development,Manufacturing Director,Medical,3,10799,13,1,1,33,6,Travel_Rarely,4,3,3,3,No,0,3,21,No
44,Male,Divorced,Sales,Sales Representative,Medical,3,4654,10,0,0,20,3,Travel_Rarely,4,4,3,3,No,0,5,18,No
49,Female,Married,Research & Development,Research Scientist,Medical,3,4603,20,5,1,23,1,Travel_Rarely,4,3,2,3,Yes,2,2,11,No
33,Female,Single,Research & Development,Research Director,Technical Degree,4,14848,4,2,0,14,4,Non-Travel,3,4,3,4,No,1,5,20,No
30,Female,Married,Research & Development,Research Scientist,Other,3,4728,5,3,0,10,2,Travel_Rarely,3,4,3,3,No,0,3,13,No
40,Male,Married,Sales,Sales Representative,Other,3,3730,2,10,1,18,3,Travel_Frequently,1,4,4,3,Yes,0,1,19,No
33,Male,Single,Research & Development,Manufacturing Director,Technical Degree,3,10912,23,0,0,12,3,Travel_Rarely,4,3,2,3,No,2,1,14,No
43,Male,Divorced,Research & Development,Laboratory Technician,Marketing,4,1939,6,1,1,25,2,Travel_Rarely,3,3,3,3,No,0,5,11,No
44,Male,Single,Research & Development,Research Director,Medical,2,16986,1,6,0,21,1,Travel_Rarely,3,4,3,4,No,1,2,11,No
18,Female,Married,Research & Development,Research Scientist,Medical,1,3758,10,0,0,0,1,Travel_Rarely,4,3,3,3,No,2,2,14,No
39,Male,Divorced,Research & Development,Research Director,Technical Degree,2,16966,12,0,0,18,2,Non-Travel,3,3,3,3,Yes,0,1,19,No
29,Female,Single,Human Resources,Human Resources,Other,3,5120,29,3,1,3,2,Non-Travel,2,1,3,3,Yes,3,0,14,Yes
45,Male,Married,Sales,Manager,Human Resources,2,15413,24,8,1,27,2,Travel_Rarely,1,3,3,3,No,1,2,12,No
35,Male,Married,Research & Development,Research Director,Other,5,15843,4,1,1,11,4,Travel_Rarely,4,3,3,3,Yes,0,6,11,No
34,Male,Married,Research & Development,Laboratory Technician,Medical,3,1363,2,0,0,14,3,Travel_Rarely,4,2,3,3,No,1,2,16,No
29,Male,Single,Sales,Manager,Other,3,16909,9,9,1,9,0,Travel_Rarely,4,4,4,3,Yes,0,3,17,Yes
22,Female,Single,Research & Development,Laboratory Technician,Medical,2,3233,3,1,0,3,5,Travel_Frequently,3,1,3,3,No,3,2,17,Yes
32,Female,Married,Research & Development,Research Scientist,Marketing,4,3818,29,5,1,10,3,Travel_Rarely,3,1,3,4,No,1,0,13,No
42,Male,Married,Research & Development,Laboratory Technician,Technical Degree,3,3575,4,2,2,21,2,Travel_Rarely,4,3,3,4,No,1,0,16,No
33,Male,Married,Sales,Sales Representative,Life Sciences,4,1544,19,2,1,14,1,Travel_Frequently,4,3,3,3,No,0,3,13,No
44,Male,Married,Research & Development,Laboratory Technician,Other,2,3434,12,13,0,26,2,Travel_Rarely,3,1,4,3,No,0,3,11,No
31,Male,Married,Sales,Sales Representative,Medical,3,2067,1,6,0,10,0,Travel_Rarely,2,4,3,4,No,0,2,13,No
26,Female,Married,Research & Development,Laboratory Technician,Life Sciences,4,4127,1,1,1,1,3,Travel_Rarely,4,3,3,3,Yes,3,4,19,No
28,Male,Married,Sales,Sales Executive,Human Resources,1,7116,6,2,2,4,2,Travel_Frequently,1,2,4,3,No,0,1,19,No
34,Male,Married,Research & Development,Research Director,Life Sciences,4,15631,15,5,1,13,2,Travel_Rarely,1,1,3,3,No,1,2,22,No
18,Female,Married,Research & Development,Research Director,Other,4,14726,8,0,0,0,7,Travel_Rarely,4,3,3,3,Yes,0,3,16,No
44,Female,Divorced,Sales,Sales Representative,Other,4,4433,4,4,4,22,3,Travel_Rarely,1,4,2,3,No,1,3,15,No
55,Male,Married,Sales,Sales Representative,Technical Degree,3,2600,1,3,3,32,2,Travel_Rarely,3,4,2,3,Yes,1,2,11,No
38,Female,Single,Research & Development,Research Director,Life Sciences,4,16135,1,10,1,18,3,Travel_Frequently,2,1,2,3,No,0,6,20,No
38,Female,Married,Research & Development,Laboratory Technician,Human Resources,5,4033,4,3,0,15,4,Travel_Rarely,3,1,2,3,Yes,0,0,11,Yes
23,Female,Single,Research & Development,Manufacturing Director,Human Resources,4,10817,1,0,0,3,1,Travel_Rarely,4,4,3,3,No,0,5,22,No
29,Male,Single,Sales,Sales Representative,Marketing,3,3898,1,0,0,5,2,Travel_Rarely,2,3,2,3,No,3,2,16,Yes
54,Female,Married,Research & Development,Manufacturing Director,Life Sciences,5,10141,11,7,7,37,3,Travel_Rarely,4,4,1,3,Yes,1,2,11,No
46,Male,Married,Research & Development,Research Scientist,Medical,3,5640,21,2,0,22,1,Travel_Rarely,2,1,3,3,No,2,2,20,No
31,Female,Single,Research & Development,Research Director,Human Resources,3,16159,1,1,0,10,3,Travel_Rarely,3,4,3,3,Yes,1,6,14,No
54,Female,Divorced,Research & Development,Manufacturing Director,Medical,3,10797,5,10,1,30,0,Travel_Rarely,3,4,4,3,Yes,0,1,11,No
41,Female,Single,Sales,Manager,Human Resources,3,16461,21,12,1,17,1,Travel_Rarely,4,3,3,3,No,1,1,22,No
31,Female,Divorced,Research & Development,Research Scientist,Technical Degree,4,4018,11,1,1,6,4,Travel_Rarely,2,2,2,3,Yes,0,2,11,No
50,Female,Single,Research & Development,Manufacturing Director,Life Sciences,4,11935,1,19,1,33,5,Non-Travel,4,4,3,3,Yes,2,0,11,No
27,Male,Married,Research & Development,Laboratory Technician,Other,3,3647,2,1,1,1,1,Travel_Rarely,4,3,2,4,No,0,2,15,No
33,Male,Divorced,Research & Development,Research Director,Other,4,15913,2,1,1,10,4,Travel_Rarely,3,2,3,3,No,0,1,16,No
39,Male,Divorced,Sales,Sales Representative,Marketing,2,4650,29,12,5,12,5,Travel_Rarely,1,2,1,4,Yes,1,3,15,Yes
46,Female,Married,Sales,Sales Executive,Marketing,3,8713,19,9,1,25,2,Travel_Rarely,3,3,3,4,Yes,2,3,16,No
47,Female,Married,Research & Development,Manufacturing Director,Life Sciences,2,9995,15,7,1,25,0,Non-Travel,3,4,3,3,No,0,0,14,No
41,Female,Single,Sales,Manager,Other,4,15057,6,6,4,20,6,Travel_Frequently,2,1,3,3,No,0,4,13,No
21,Female,Married,Sales,Manager,Other,5,15197,1,0,0,0,2,Travel_Rarely,3,1,2,4,Yes,2,1,14,No
39,Female,Divorced,Research & Development,Research Director,Life Sciences,3,16223,3,1,1,18,6,Travel_Rarely,2,2,4,3,No,0,1,11,No
27,Female,Married,Research & Development,Research Scientist,Technical Degree,3,5017,5,1,1,9,3,Travel_Frequently,3,3,2,4,No,0,4,14,No
51,Female,Single,Research & Development,Research Scientist,Technical Degree,4,4633,15,0,0,27,1,Travel_Rarely,1,4,3,3,Yes,2,1,19,No
53,Male,Single,Research & Development,Research Scientist,Other,4,4104,1,1,1,33,2,Travel_Rarely,3,3,3,3,No,0,3,15,No
27,Male,Married,Research & Development,Research Scientist,Technical Degree,3,4266,7,2,2,7,1,Travel_Rarely,1,4,3,3,Yes,0,3,16,Yes
45,Female,Married,Sales,Sales Representative,Other,1,3291,11,8,4,23,5,Travel_Frequently,1,4,2,3,No,1,3,17,No
33,Female,Married,Research & Development,Research Director,Life Sciences,3,16317,3,4,1,7,2,Travel_Rarely,1,2,3,3,No,3,2,20,Yes
26,Male,Single,Research & Development,Manufacturing Director,Life Sciences,4,10092,6,0,0,0,4,Travel_Frequently,4,3,1,3,No,1,1,16,No
40,Male,Divorced,Research & Development,Manufacturing Director,Life Sciences,4,9043,2,0,0,18,3,Travel_Frequently,4,3,3,3,No,2,1,13,No
36,Female,Married,Research & Development,Laboratory Technician,Other,1,2877,1,0,0,13,4,Travel_Rarely,2,2,4,3,No,1,3,19,No
34,Male,Divorced,Research & Development,Research Scientist,Marketing,2,4688,5,5,1,11,3,Travel_Rarely,1,3,3,3,No,1,2,11,No
44,Female,Married,Sales,Sales Executive,Technical Degree,3,3961,25,0,0,25,1,Travel_Rarely,4,3,2,3,Yes,1,3,17,Yes
25,Male,Married,Research & Development,Manufacturing Director,Human Resources,3,8661,12,1,1,7,1,Travel_Rarely,1,4,3,3,No,3,3,13,No
44,Male,Married,Research & Development,Research Scientist,Human Resources,1,5073,15,6,1,20,1,Travel_Rarely,4,2,2,3,No,1,3,11,No
47,Female,Married,Human Resources,Manager,Life Sciences,4,15505,12,0,0,27,1,Travel_Rarely,1,3,3,3,No,2,4,14,No
21,Male,Married,Research & Development,Manufacturing Director,Medical,3,11221,2,0,0,0,2,Travel_Frequently,4,3,3,4,No,1,1,22,No
60,Female,Single,Sales,Sales Representative,Marketing,3,3196,11,0,0,35,3,Travel_Rarely,3,4,4,3,No,0,5,12,No
34,Male,Married,Sales,Sales Executive,Human Resources,4,6384,1,3,2,14,2,Travel_Rarely,4,2,3,4,No,0,2,14,No
28,Male,Single,Research & Development,Research Scientist,Life Sciences,4,4175,3,3,3,6,3,Travel_Rarely,4,4,3,3,Yes,1,2,17,Yes
44,Female,Married,Research & Development,Research Scientist,Medical,4,4835,12,19,5,22,1,Travel_Frequently,4,4,2,3,No,1,2,17,No
28,Male,Married,Sales,Sales Representative,Marketing,3,3276,10,6,6,6,2,Travel_Rarely,3,3,3,4,Yes,3,4,11,Yes
22,Male,Divorced,Research & Development,Research Scientist,Other,3,3235,6,0,0,0,2,Travel_Frequently,1,4,3,3,No,2,3,14,Yes
24,Male,Married,Sales,Manager,Life Sciences,3,13289,4,1,0,1,2,Travel_Rarely,3,4,3,3,No,1,4,17,No
41,Male,Married,Research & Development,Research Scientist,Human Resources,3,4013,15,6,0,20,3,Travel_Rarely,4,2,3,3,No,1,5,11,No
32,Male,Married,Human Resources,Human Resources,Other,3,4503,15,0,0,14,5,Travel_Frequently,4,4,3,3,No,0,5,15,No
49,Male,Divorced,Research & Development,Laboratory Technician,Medical,2,3927,5,7,3,25,2,Travel_Rarely,2,1,3,3,No,0,3,19,Yes
54,Male,Married,Research & Development,Research Scientist,Medical,2,5011,29,6,0,30,1,Travel_Rarely,4,1,3,3,No,1,2,14,No
26,Male,Single,Research & Development,Research Director,Other,3,13952,1,5,0,5,3,Travel_Rarely,3,3,3,3,No,0,2,14,No
36,Female,Divorced,Research & Development,Laboratory Technician,Other,1,4749,13,10,0,17,0,Travel_Frequently,1,4,3,4,No,0,2,12,No
36,Male,Divorced,Sales,Sales Executive,Life Sciences,2,7196,7,2,0,10,2,Travel_Rarely,4,1,3,3,No,0,4,15,No
45,Female,Married,Sales,Sales Executive,Medical,3,5990,5,0,0,25,0,Travel_Frequently,4,4,3,4,No,1,3,16,No
22,Male,Married,Research & Development,Laboratory Technician,Life Sciences,1,2018,1,0,0,0,0,Travel_Rarely,4,3,3,3,No,0,6,15,No
41,Female,Divorced,Research & Development,Manufacturing Director,Other,3,9502,18,6,0,20,4,Travel_Rarely,4,1,2,3,No,0,4,13,No
26,Female,Single,Sales,Sales Representative,Life Sciences,3,3018,11,0,0,8,1,Travel_Rarely,3,3,3,3,No,3,6,16,Yes
36,Female,Married,Research & Development,Research Scientist,Life Sciences,3,4357,3,4,4,17,1,Travel_Rarely,3,3,3,3,No,1,2,11,No
40,Female,Divorced,Sales,Sales Executive,Marketing,4,6846,13,2,1,21,3,Travel_Rarely,3,4,3,3,No,1,3,12,No
40,Female,Divorced,Human Resources,Human Resources,Medical,2,4304,7,4,4,19,4,Travel_Rarely,3,3,3,3,Yes,2,0,11,Yes
28,Male,Divorced,Sales,Sales Executive,Marketing,4,6207,1,0,0,5,2,Travel_Rarely,1,4,2,3,No,0,4,12,Yes
43,Male,Married,Research & Development,Research Scientist,Medical,4,5495,13,12,0,18,4,Travel_Rarely,3,2,2,3,No,2,2,18,No
35,Female,Married,Research & Development,Research Scientist,Human Resources,3,5399,1,13,0,13,6,Travel_Rarely,2,2,3,4,No,0,1,17,No
30,Male,Single,Research & Development,Laboratory Technician,Marketing,3,2476,10,3,0,12,1,Travel_Rarely,1,1,3,3,Yes,1,4,11,No
37,Male,Married,Research & Development,Research Director,Life Sciences,4,16921,4,14,6,20,3,Non-Travel,3,3,3,3,No,0,6,17,No
41,Female,Married,Sales,Sales Representative,Marketing,3,2342,4,3,0,20,2,Travel_Rarely,3,3,4,3,No,0,3,14,No
32,Male,Married,Sales,Sales Executive,Life Sciences,4,8176,1,1,1,14,4,Travel_Rarely,1,2,3,3,No,2,5,16,No
32,Male,Married,Sales,Sales Representative,Marketing,1,4009,6,3,0,12,2,Travel_Rarely,4,3,3,3,No,1,4,18,No
54,Male,Single,Human Resources,Manager,Human Resources,1,13171,5,6,1,31,3,Non-Travel,3,1,3,4,No,0,4,16,No
25,Male,Single,Research & Development,Research Scientist,Human Resources,3,3455,1,1,0,1,2,Travel_Rarely,3,3,3,3,Yes,2,4,14,Yes
21,Male,Single,Research & Development,Research Director,Marketing,3,14433,15,0,0,0,2,Travel_Rarely,2,1,3,3,No,1,1,18,No
22,Female,Single,Research & Development,Research Director,Medical,4,15027,4,2,2,2,3,Travel_Rarely,4,2,1,3,No,0,1,13,No
42,Male,Married,Research & Development,Laboratory Technician,Technical Degree,3,4066,24,3,3,22,4,Travel_Rarely,4,3,2,3,No,0,2,14,No
30,Male,Married,Sales,Sales Representative,Technical Degree,4,3168,1,5,0,6,5,Travel_Rarely,3,3,3,4,No,0,2,17,Yes
40,Male,Divorced,Research & Development,Manufacturing Director,Human Resources,3,10155,1,1,1,16,4,Travel_Rarely,2,3,2,3,No,0,2,13,Yes
52,Male,Married,Research & Development,Laboratory Technician,Marketing,2,3128,8,3,3,29,4,Travel_Rarely,4,4,4,3,No,1,4,12,No
23,Female,Married,Research & Development,Manufacturing Director,Technical Degree,3,9882,21,3,3,3,2,Travel_Frequently,4,3,2,3,No,1,4,13,No
35,Female,Single,Research & Development,Research Scientist,Marketing,3,5119,21,5,5,15,3,Travel_Rarely,4,4,3,3,No,1,3,18,Yes
34,Male,Divorced,Sales,Sales Executive,Medical,3,5871,2,6,1,10,4,Travel_Frequently,3,3,2,3,No,0,3,15,No
31,Female,Married,Sales,Sales Executive,Medical,2,7480,9,1,1,10,3,Travel_Rarely,3,4,3,3,No,3,3,14,No
45,Female,Single,Research & Development,Manufacturing Director,Life Sciences,2,10153,1,1,1,23,1,Travel_Rarely,3,4,3,3,No,1,1,11,No
39,Female,Single,Research & Development,Research Scientist,Other,3,6207,1,3,3,18,3,Travel_Frequently,4,3,3,3,Yes,0,1,12,Yes
33,Male,Married,Research & Development,Manufacturing Director,Life Sciences,1,9898,6,2,2,14,1,Travel_Rarely,1,2,3,3,No,0,6,22,No
51,Female,Married,Sales,Manager,Human Resources,3,15432,1,2,2,31,3,Non-Travel,4,1,1,3,No,1,0,16,No
34,Male,Married,Human Resources,Manager,Medical,4,12851,5,0,0,14,4,Travel_Rarely,4,3,2,3,Yes,1,4,20,No
45,Male,Married,Research & Development,Laboratory Technician,Human Resources,4,3780,7,6,0,23,7,Travel_Rarely,3,1,3,3,No,2,0,11,No
36,Male,Married,Research & Development,Laboratory Technician,Other,4,3729,7,0,0,10,2,Travel_Rarely,3,2,3,3,No,1,3,11,Yes
38,Male,Divorced,Sales,Sales Executive,Technical Degree,3,7055,2,3,3,16,4,Travel_Rarely,4,2,3,4,No,2,4,12,No
38,Male,Divorced,Research & Development,Research Director,Technical Degree,4,15451,5,0,0,19,4,Travel_Rarely,3,2,2,3,No,0,5,17,No
40,Female,Single,Research & Development,Laboratory Technician,Technical Degree,1,2650,21,1,0,19,1,Travel_Rarely,4,3,3,4,No,1,6,13,No
56,Male,Married,Research & Development,Manufacturing Director,Marketing,4,13729,3,20,1,38,2,Travel_Rarely,4,3,4,4,Yes,0,2,11,No
37,Male,Married,Research & Development,Research Scientist,Technical Degree,3,6201,1,4,2,16,0,Non-Travel,2,2,3,3,Yes,2,3,13,No
39,Male,Single,Research & Development,Research Scientist,Medical,2,3841,17,0,0,15,6,Travel_Rarely,3,4,3,4,No,0,1,19,No
40,Male,Married,Human Resources,Manager,Marketing,4,16313,3,3,2,19,3,Travel_Rarely,3,3,1,3,No,1,3,14,No
46,Female,Married,Research & Development,Laboratory Technician,Other,3,2732,1,1,0,19,0,Travel_Rarely,1,4,3,3,No,3,5,18,No
39,Male,Single,Sales,Manager,Life Sciences,4,14586,1,18,2,18,4,Travel_Rarely,1,3,2,3,No,0,2,11,No
43,Male,Single,Research & Development,Laboratory Technician,Life Sciences,4,2734,11,1,1,22,1,Travel_Rarely,1,4,4,3,No,0,2,19,Yes
44,Male,Divorced,Sales,Sales Representative,Medical,4,4819,3,11,1,23,2,Travel_Rarely,3,2,3,3,No,0,3,16,No
54,Male,Single,Research & Development,Manufacturing Director,Human Resources,3,9720,1,3,3,31,3,Travel_Rarely,2,4,3,3,No,0,4,18,No
31,Male,Single,Research & Development,Manufacturing Director,Other,3,10765,11,8,3,14,3,Travel_Rarely,1,2,3,3,No,2,2,16,No
27,Male,Single,Research & Development,Research Scientist,Medical,3,3551,1,6,0,6,4,Travel_Rarely,3,4,2,3,No,0,2,11,Yes
45,Female,Married,Sales,Manager,Human Resources,3,14131,9,2,0,27,3,Travel_Rarely,3,4,2,4,No,0,5,11,No
33,Female,Single,Sales,Manager,Life Sciences,2,14915,3,0,0,11,1,Travel_Rarely,4,3,3,3,No,1,2,14,No
20,Male,Single,Research & Development,Laboratory Technician,Marketing,5,3483,12,3,3,3,3,Non-Travel,2,4,4,3,No,1,5,15,No
18,Female,Single,Research & Development,Research Director,Life Sciences,3,14338,29,0,0,0,3,Travel_Rarely,4,3,2,3,Yes,1,2,18,No
42,Female,Single,Sales,Manager,Technical Degree,3,12926,11,0,0,23,4,Non-Travel,3,4,1,3,No,0,2,13,No
34,Male,Single,Research & Development,Research Director,Human Resources,3,17271,8,8,0,11,1,Travel_Frequently,4,2,2,4,Yes,3,1,12,No
32,Male,Single,Research & Development,Research Director,Human Resources,4,16108,1,8,1,8,2,Travel_Rarely,4,3,2,3,No,1,0,15,No
32,Male,Single,Research & Development,Laboratory Technician,Human Resources,2,5639,11,11,0,11,2,Non-Travel,4,4,3,3,No,2,5,18,No
48,Male,Married,Research & Development,Manufacturing Director,Life Sciences,2,9789,26,2,2,29,2,Non-Travel,4,3,3,3,Yes,1,3,12,No
35,Female,Married,Human Resources,Manager,Medical,4,14189,7,3,3,12,0,Travel_Rarely,1,3,2,3,No,1,2,13,No
38,Male,Married,Human Resources,Human Resources,Life Sciences,4,4323,4,3,3,16,6,Travel_Rarely,1,2,4,3,No,2,4,14,Yes
55,Female,Married,Research & Development,Manufacturing Director,Marketing,4,11085,16,4,0,31,4,Travel_Frequently,3,3,2,4,No,1,4,15,No
42,Female,Single,Sales,Manager,Other,4,14992,2,3,1,19,2,Travel_Rarely,3,4,3,3,No,3,5,11,No
25,Female,Married,Research & Development,Laboratory Technician,Other,4,4202,4,0,0,3,2,Travel_Rarely,2,1,3,3,Yes,0,3,12,Yes
24,Male,Married,Research & Development,Manufacturing Director,Other,1,9608,3,6,0,6,2,Travel_Rarely,4,3,3,3,No,0,3,15,No
50,Male,Single,Research & Development,Laboratory Technician,Technical Degree,2,3827,27,1,1,26,3,Travel_Rarely,3,3,3,3,No,1,3,11,Yes
30,Male,Married,Sales,Manager,Other,4,13527,16,3,1,6,3,Travel_Rarely,2,2,3,3,No,0,6,14,No
50,Female,Divorced,Sales,Sales Executive,Life Sciences,4,7639,29,0,0,31,0,Travel_Rarely,3,1,3,3,Yes,0,6,19,No
32,Male,Single,Research & Development,Manufacturing Director,Life Sciences,3,9543,1,7,4,11,2,Travel_Frequently,4,2,3,3,Yes,1,1,23,No
32,Male,Single,Sales,Sales Executive,Life Sciences,3,6267,13,8,1,14,6,Travel_Frequently,4,4,2,3,No,1,1,14,No
35,Female,Divorced,Research & Development,Research Director,Medical,3,17033,5,9,1,16,2,Travel_Frequently,3,3,3,3,No,1,2,19,No
35,Female,Divorced,Research & Development,Manufacturing Director,Medical,2,11644,25,10,2,10,7,Travel_Rarely,3,1,3,4,Yes,1,3,16,No
54,Male,Married,Research & Development,Laboratory Technician,Technical Degree,4,4254,3,7,4,30,5,Travel_Rarely,1,4,3,3,No,2,3,16,Yes
35,Male,Married,Research & Development,Laboratory Technician,Human Resources,4,3416,7,2,2,10,1,Travel_Rarely,2,3,3,4,No,0,5,16,Yes
34,Male,Divorced,Research & Development,Manufacturing Director,Human Resources,3,10633,18,1,0,21,2,Travel_Rarely,2,2,3,3,No,1,5,15,No
40,Female,Married,Research & Development,Research Scientist,Life Sciences,3,5024,1,10,6,18,0,Travel_Rarely,2,3,3,3,No,0,2,11,No
28,Female,Married,Research & Development,Laboratory Technician,Medical,3,3039,5,5,5,9,4,Travel_Frequently,1,3,3,3,Yes,0,6,12,No
19,Female,Single,Research & Development,Research Director,Technical Degree,3,15347,21,0,0,0,5,Travel_Rarely,3,4,3,3,No,1,2,16,No
36,Male,Divorced,Research & Development,Manufacturing Director,Medical,3,9339,28,4,4,13,3,Non-Travel,3,4,4,3,No,1,2,18,No
36,Female,Divorced,Research & Development,Research Scientist,Marketing,3,4911,7,1,1,14,1,Travel_Rarely,3,4,3,3,No,0,3,13,No
34,Female,Married,Research & Development,Research Director,Other,3,15342,7,6,0,18,0,Travel_Rarely,4,3,2,3,Yes,2,2,16,No
44,Male,Single,Research & Development,Manufacturing Director,Marketing,4,9743,3,2,2,17,3,Travel_Rarely,2,1,3,3,No,0,1,19,Yes
26,Female,Single,Research & Development,Research Scientist,Medical,2,4367,3,3,0,3,3,Travel_Rarely,4,1,1,3,No,2,3,23,No
28,Female,Single,Research & Development,Manufacturing Director,Human Resources,1,9814,3,2,2,6,1,Non-Travel,4,2,2,3,No,0,1,14,No
24,Male,Married,Research & Development,Research Director,Life Sciences,3,15508,9,1,1,4,4,Travel_Frequently,1,3,4,3,No,0,3,14,No
33,Male,Married,Research & Development,Manufacturing Director,Medical,2,12026,6,10,4,11,4,Travel_Rarely,3,1,4,3,No,0,5,19,No
30,Female,Married,Research & Development,Research Scientist,Marketing,2,4467,9,2,1,15,1,Travel_Frequently,1,4,2,3,No,1,3,11,Yes
44,Male,Married,Research & Development,Laboratory Technician,Other,3,3871,5,7,7,22,2,Non-Travel,3,4,3,3,Yes,0,1,13,No
27,Female,Single,Sales,Sales Executive,Marketing,3,7583,12,3,1,12,3,Travel_Rarely,3,3,3,4,No,1,3,15,Yes
37,Male,Married,Sales,Manager,Marketing,3,13855,8,0,0,18,2,Travel_Rarely,2,4,2,3,No,3,2,13,No
42,Male,Divorced,Research & Development,Research Scientist,Technical Degree,3,6842,3,18,0,19,2,Non-Travel,3,4,2,3,Yes,2,6,19,No
40,Male,Divorced,Research & Development,Laboratory Technician,Medical,3,2189,1,0,0,18,1,Travel_Frequently,3,3,2,3,No,1,2,17,No
25,Female,Single,Sales,Manager,Technical Degree,3,14236,17,6,0,6,4,Travel_Rarely,3,3,4,3,No,1,2,21,No
35,Female,Married,Research & Development,Research Scientist,Human Resources,4,3958,2,6,6,14,2,Travel_Rarely,2,2,3,3,No,1,4,16,No
42,Male,Single,Sales,Manager,Marketing,4,13237,3,11,4,17,2,Travel_Rarely,2,4,4,3,No,1,0,14,No
46,Male,Divorced,Research & Development,Laboratory Technician,Technical Degree,3,3911,23,3,0,21,3,Travel_Rarely,4,4,3,3,No,1,0,11,No
35,Male,Married,Sales,Sales Executive,Medical,2,6538,2,5,5,12,2,Travel_Rarely,4,4,3,3,No,0,1,17,No
41,Female,Married,Research & Development,Research Director,Other,2,18937,10,20,3,21,2,Travel_Rarely,3,2,2,3,No,2,6,11,No
40,Female,Married,Sales,Manager,Medical,4,14759,10,7,7,15,2,Travel_Rarely,1,3,2,3,No,1,2,13,No
43,Male,Divorced,Research & Development,Laboratory Technician,Marketing,3,2467,4,10,0,20,2,Travel_Rarely,2,3,3,3,No,1,1,19,No
38,Male,Single,Research & Development,Research Director,Medical,4,15357,11,6,5,11,4,Travel_Frequently,4,4,3,3,Yes,2,2,21,No
35,Female,Married,Sales,Sales Representative,Marketing,3,5245,1,11,6,11,2,Travel_Rarely,4,2,2,4,No,1,0,21,No
29,Female,Divorced,Research & Development,Research Director,Other,5,15740,2,10,0,10,2,Non-Travel,2,3,3,3,No,1,2,11,No
58,Female,Single,Research & Development,Laboratory Technician,Marketing,5,4856,3,4,0,34,0,Travel_Frequently,4,1,3,3,Yes,0,3,21,No
26,Female,Single,Sales,Sales Representative,Technical Degree,2,3935,17,2,0,3,1,Non-Travel,4,2,4,3,No,1,2,14,No
29,Male,Married,Sales,Manager,Technical Degree,1,13169,1,0,0,9,2,Travel_Frequently,4,1,2,3,No,1,2,13,Yes
25,Female,Married,Sales,Sales Representative,Medical,3,4282,1,5,1,5,0,Travel_Rarely,3,2,2,3,Yes,1,2,14,Yes
27,Female,Married,Research & Development,Research Director,Technical Degree,4,16777,3,8,8,8,4,Travel_Frequently,4,3,3,3,Yes,0,6,12,Yes
31,Male,Divorced,Sales,Sales Executive,Marketing,4,7953,12,6,0,9,0,Travel_Rarely,3,1,1,3,No,2,1,14,No
43,Female,Married,Sales,Sales Representative,Human Resources,3,4970,5,3,3,23,3,Travel_Rarely,3,4,3,4,Yes,0,1,13,No
54,Male,Married,Research & Development,Research Director,Technical Degree,5,16341,9,12,3,27,3,Travel_Rarely,2,1,3,3,No,1,2,25,No
36,Female,Married,Sales,Sales Executive,Human Resources,2,7176,29,2,1,13,2,Travel_Rarely,4,3,4,3,Yes,0,5,12,No
36,Female,Married,Research & Development,Manufacturing Director,Medical,4,9326,4,1,1,15,3,Travel_Rarely,1,2,2,4,No,0,1,15,No
36,Male,Divorced,Research & Development,Research Director,Other,3,14554,1,4,0,18,5,Travel_Rarely,4,1,3,3,No,0,5,11,No
44,Female,Single,Research & Development,Laboratory Technician,Technical Degree,3,2487,8,2,2,24,1,Travel_Frequently,1,4,2,3,No,0,4,19,No
31,Female,Single,Research & Development,Laboratory Technician,Technical Degree,3,4302,2,6,6,12,3,Travel_Rarely,1,4,3,3,No,1,0,15,Yes
35,Male,Married,Research & Development,Research Director,Technical Degree,1,15721,6,0,0,14,4,Travel_Frequently,1,3,3,3,Yes,3,2,20,No
18,Male,Divorced,Research & Development,Research Director,Medical,5,17311,8,0,0,0,4,Travel_Frequently,4,4,2,3,No,1,4,13,No
30,Female,Married,Research & Development,Research Director,Medical,3,15728,2,5,1,5,1,Travel_Rarely,2,2,3,3,No,0,4,13,No
45,Male,Single,Human Resources,Manager,Other,2,15145,5,10,1,23,1,Travel_Frequently,3,1,4,3,No,0,6,15,No
25,Male,Single,Research & Development,Manufacturing Director,Life Sciences,3,10084,2,4,0,4,0,Travel_Rarely,1,4,3,3,No,2,0,17,No
44,Female,Married,Sales,Sales Executive,Technical Degree,4,6292,22,0,0,24,7,Travel_Rarely,4,4,3,3,No,1,3,11,No
47,Male,Married,Research & Development,Manufacturing Director,Other,2,11045,9,14,2,25,2,Non-Travel,1,1,2,3,No,0,4,19,No
22,Male,Single,Sales,Sales Representative,Technical Degree,3,3593,7,0,0,0,2,Travel_Rarely,2,1,3,4,No,1,6,16,No
39,Female,Married,Human Resources,Manager,Medical,3,13715,4,5,0,17,3,Non-Travel,4,4,2,3,No,0,3,14,No
38,Male,Married,Research & Development,Research Director,Human Resources,1,18008,1,15,5,15,3,Travel_Rarely,4,1,3,3,No,0,1,16,No
31,Male,Divorced,Research & Development,Research Director,Marketing,2,16252,2,6,2,13,1,Travel_Rarely,2,4,3,3,Yes,0,1,16,No
32,Female,Single,Sales,Manager,Marketing,3,13888,29,0,0,10,0,Travel_Rarely,4,3,3,3,No,3,5,12,No
37,Male,Married,Research & Development,Manufacturing Director,Marketing,4,10448,2,7,3,15,3,Travel_Rarely,3,4,3,3,No,2,3,12,No
45,Male,Married,Research & Development,Laboratory Technician,Medical,3,3361,3,1,1,27,2,Travel_Rarely,2,3,3,3,No,0,2,17,Yes
33,Female,Single,Research & Development,Laboratory Technician,Life Sciences,4,5735,4,3,0,12,1,Travel_Rarely,1,4,4,3,No,1,3,16,No
37,Female,Single,Human Resources,Manager,Marketing,3,15196,1,13,5,13,2,Travel_Rarely,3,3,3,3,No,1,2,14,No
39,Male,Married,Sales,Sales Executive,Technical Degree,1,6396,15,2,2,16,4,Travel_Rarely,3,4,3,3,Yes,1,4,17,No
41,Male,Married,Research & Development,Laboratory Technician,Medical,2,2473,4,1,0,17,1,Travel_Rarely,3,4,3,3,No,0,6,14,No
24,Male,Married,Research & Development,Research Director,Human Resources,3,16786,11,0,0,0,2,Travel_Rarely,1,3,3,3,No,0,3,12,No
35,Male,Divorced,Research & Development,Manufacturing Director,Marketing,5,11068,1,4,1,14,5,Travel_Rarely,1,1,2,3,No,0,6,13,No
29,Female,Divorced,Sales,Manager,Life Sciences,3,14895,4,5,1,5,3,Travel_Frequently,2,4,2,3,Yes,1,4,12,No
43,Female,Single,Research & Development,Manufacturing Director,Life Sciences,3,10778,10,4,3,25,1,Travel_Rarely,3,4,2,3,No,0,2,11,No
36,Female,Divorced,Research & Development,Manufacturing Director,Life Sciences,1,10241,9,5,0,17,4,Travel_Rarely,1,3,3,3,No,0,5,11,Yes
24,Male,Divorced,Research & Development,Research Scientist,Other,4,4563,3,0,0,6,4,Non-Travel,3,4,3,3,Yes,0,3,20,Yes
39,Female,Married,Research & Development,Manufacturing Director,Marketing,1,9836,2,0,0,13,4,Travel_Rarely,2,3,3,4,No,1,4,15,No
30,Female,Married,Research & Development,Research Scientist,Marketing,3,5126,3,11,0,11,4,Travel_Rarely,3,3,4,3,No,1,4,17,No
31,Female,Married,Research & Development,Manufacturing Director,Life Sciences,5,8327,3,7,2,7,3,Travel_Rarely,2,4,3,3,Yes,0,2,15,No
36,Female,Divorced,Research & Development,Research Director,Medical,3,15382,1,1,1,14,3,Travel_Frequently,2,4,2,3,No,0,4,22,No
38,Male,Divorced,Research & Development,Research Director,Life Sciences,3,16350,15,2,1,15,2,Travel_Frequently,1,1,2,3,Yes,0,2,11,No
34,Male,Married,Research & Development,Manufacturing Director,Marketing,4,9572,15,2,2,17,2,Travel_Frequently,3,3,2,3,Yes,1,3,20,Yes
37,Male,Married,Sales,Manager,Marketing,1,12865,8,3,3,16,4,Travel_Rarely,4,3,3,3,No,0,4,16,No
43,Male,Married,Sales,Manager,Life Sciences,3,13596,3,5,2,19,4,Travel_Rarely,1,3,2,3,No,0,3,16,No
35,Female,Divorced,Research & Development,Research Scientist,Marketing,3,4424,3,9,9,9,2,Travel_Rarely,3,2,3,3,No,0,1,18,No
20,Male,Married,Sales,Sales Representative,Marketing,1,1336,21,2,0,2,3,Travel_Rarely,4,1,3,3,No,2,1,17,No
41,Male,Single,Research & Development,Laboratory Technician,Medical,3,1910,1,1,0,23,3,Travel_Rarely,4,2,2,3,No,0,5,17,No
43,Male,Divorced,Research & Development,Manufacturing Director,Medical,4,10993,8,8,0,18,2,Travel_Rarely,2,3,3,4,No,2,5,12,No
43,Male,Single,Sales,Sales Executive,Human Resources,3,7300,3,7,5,23,0,Travel_Rarely,1,1,3,3,No,1,2,16,No
32,Male,Married,Sales,Manager,Technical Degree,4,16024,18,10,0,13,0,Travel_Rarely,1,4,3,3,Yes,1,3,17,No
36,Female,Single,Research & Development,Laboratory Technician,Human Resources,3,2580,14,6,0,14,1,Travel_Frequently,3,2,3,3,No,3,4,11,No
32,Male,Married,Sales,Sales Executive,Technical Degree,3,5050,20,7,1,10,1,Travel_Frequently,4,1,4,3,No,0,2,18,No
42,Female,Divorced,Sales,Sales Executive,Other,3,7001,4,0,0,24,1,Travel_Frequently,4,2,3,3,No,1,1,11,No
26,Female,Married,Research & Development,Manufacturing Director,Human Resources,3,10542,13,3,2,3,1,Non-Travel,4,1,3,3,No,2,2,17,No
32,Male,Married,Sales,Manager,Life Sciences,4,13353,2,0,0,12,4,Travel_Rarely,4,3,4,4,No,1,6,19,No
22,Male,Single,Research & Development,Research Director,Life Sciences,4,15704,7,0,0,0,3,Travel_Rarely,3,3,3,3,No,1,3,12,No
44,Female,Single,Research & Development,Manufacturing Director,Life Sciences,3,8914,12,1,1,19,5,Travel_Rarely,2,4,3,3,No,0,3,15,No
34,Female,Divorced,Research & Development,Laboratory Technician,Other,2,4476,7,1,1,8,1,Non-Travel,4,2,2,3,No,1,2,21,No
39,Female,Divorced,Sales,Sales Representative,Life Sciences,2,2666,4,0,0,17,0,Travel_Rarely,1,4,4,3,No,0,1,17,No
18,Male,Married,Sales,Sales Representative,Marketing,3,3337,3,0,0,0,1,Travel_Rarely,1,4,2,3,No,0,1,11,Yes
41,Female,Divorced,Sales,Sales Executive,Other,3,6991,6,0,0,20,2,Travel_Rarely,3,4,3,3,No,0,2,19,No
27,Female,Married,Research & Development,Research Scientist,Medical,4,4743,3,7,6,7,4,Travel_Rarely,1,1,2,4,No,0,2,14,No
33,Female,Single,Sales,Sales Executive,Other,4,6622,6,5,3,13,0,Travel_Frequently,4,4,2,3,No,0,4,11,No
20,Female,Married,Research & Development,Research Director,Life Sciences,1,14761,1,0,0,0,2,Travel_Rarely,4,2,3,4,No,1,4,18,No
38,Male,Married,Research & Development,Research Director,Technical Degree,3,14192,7,3,3,16,4,Travel_Frequently,2,3,3,3,No,0,4,17,No
32,Female,Married,Research & Development,Manufacturing Director,Technical Degree,2,10574,8,2,2,11,1,Travel_Rarely,3,4,2,3,No,0,1,11,No
38,Male,Single,Research & Development,Research Director,Human Resources,2,14608,10,0,0,17,1,Travel_Frequently,3,1,3,3,No,0,2,18,No
41,Male,Married,Research & Development,Manufacturing Director,Life Sciences,5,9783,15,1,1,18,2,Travel_Rarely,3,4,3,3,No,1,4,20,No
33,Male,Single,Research & Development,Laboratory Technician,Life Sciences,3,1794,4,2,2,11,1,Travel_Frequently,2,2,3,4,Yes,1,2,11,No
39,Female,Married,Sales,Sales Representative,Human Resources,3,6540,5,18,1,19,3,Travel_Rarely,3,4,3,3,No,0,2,11,No
18,Male,Married,Sales,Sales Executive,Other,3,6823,11,0,0,0,3,Travel_Rarely,3,3,3,4,No,0,3,13,Yes
39,Male,Divorced,Research & Development,Research Scientist,Medical,3,3942,9,6,3,16,1,Travel_Frequently,4,3,2,3,Yes,1,2,11,No
45,Female,Divorced,Research & Development,Manufacturing Director,Human Resources,3,9890,2,0,0,24,2,Travel_Rarely,3,2,3,3,Yes,0,1,14,Yes
38,Male,Married,Sales,Manager,Life Sciences,2,13057,2,1,1,15,0,Travel_Rarely,4,3,2,3,No,0,0,13,No
27,Male,Married,Research & Development,Research Scientist,Technical Degree,2,3583,18,1,0,2,4,Travel_Frequently,1,1,3,3,No,0,3,11,Yes
28,Female,Single,Research & Development,Research Scientist,Life Sciences,2,7233,2,8,0,8,2,Travel_Rarely,3,1,3,3,Yes,0,3,14,Yes
49,Female,Single,Sales,Sales Representative,Human Resources,3,2690,3,1,1,22,3,Travel_Rarely,3,1,3,3,No,2,1,15,Yes
47,Female,Single,Sales,Manager,Technical Degree,3,14988,1,6,1,25,2,Travel_Rarely,2,2,1,3,No,1,4,19,No
33,Male,Single,Research & Development,Laboratory Technician,Technical Degree,5,3139,3,8,2,17,3,Travel_Rarely,4,4,3,3,No,0,2,11,No
32,Female,Single,Sales,Sales Representative,Marketing,2,3603,16,0,0,8,3,Travel_Frequently,3,4,3,3,Yes,0,1,18,No
18,Male,Married,Research & Development,Manufacturing Director,Life Sciences,1,9962,2,0,0,0,3,Travel_Rarely,3,4,4,4,No,1,2,16,Yes
55,Male,Single,Research & Development,Research Director,Technical Degree,3,14719,1,4,0,30,4,Non-Travel,2,1,3,3,No,0,2,15,No
31,Female,Divorced,Research & Development,Laboratory Technician,Other,1,3076,1,2,2,9,6,Travel_Rarely,3,4,2,3,No,2,3,17,No
20,Female,Divorced,Research & Development,Research Scientist,Other,1,2754,13,0,0,0,2,Travel_Frequently,4,2,3,3,No,1,3,18,Yes
42,Female,Married,Sales,Sales Representative,Human Resources,3,4510,13,3,3,21,5,Travel_Frequently,4,3,3,4,No,0,2,23,No
48,Female,Married,Research & Development,Manufacturing Director,Human Resources,4,9281,12,0,0,25,4,Travel_Rarely,3,4,3,3,No,1,5,18,No
47,Male,Single,Research & Development,Manufacturing Director,Other,4,9352,7,0,0,28,5,Travel_Rarely,3,4,3,3,No,0,2,11,No
42,Female,Married,Research & Development,Manufacturing Director,Technical Degree,2,10148,1,10,0,16,1,Travel_Rarely,4,2,3,4,No,1,1,15,No
45,Male,Divorced,Sales,Sales Executive,Technical Degree,4,7022,1,0,0,20,1,Travel_Frequently,3,3,2,3,No,1,0,14,Yes
32,Male,Single,Research & Development,Research Scientist,Medical,4,5270,1,7,5,11,1,Travel_Rarely,3,2,3,3,No,0,2,17,No
36,Male,Single,Research & Development,Research Director,Medical,2,17392,12,13,4,13,2,Travel_Rarely,1,3,3,4,No,2,3,16,Yes
30,Female,Single,Sales,Sales Representative,Human Resources,4,2142,8,0,0,7,7,Travel_Rarely,2,4,3,4,No,0,0,18,No
43,Male,Single,Research & Development,Research Director,Technical Degree,5,15859,1,6,6,20,4,Travel_Rarely,3,3,2,4,No,2,1,16,No
48,Male,Divorced,Research & Development,Laboratory Technician,Medical,3,4340,1,15,0,26,5,Travel_Rarely,4,4,2,3,Yes,1,4,16,No
28,Female,Single,Sales,Manager,Other,1,15063,8,4,1,4,1,Non-Travel,4,3,3,3,Yes,1,5,15,No
49,Female,Divorced,Research & Development,Research Scientist,Human Resources,2,4183,3,9,3,25,2,Non-Travel,1,3,3,3,No,2,4,11,No
24,Male,Married,Research & Development,Manufacturing Director,Other,4,10435,5,2,0,3,2,Travel_Rarely,4,4,4,3,No,1,3,12,No
41,Female,Divorced,Sales,Manager,Medical,1,15443,2,3,1,18,2,Travel_Rarely,4,1,2,3,Yes,0,4,19,Yes
30,Male,Divorced,Sales,Sales Executive,Life Sciences,1,8257,2,6,4,6,1,Non-Travel,1,1,4,4,No,1,3,11,No
44,Male,Single,Sales,Sales Executive,Human Resources,4,8532,6,9,0,16,1,Non-Travel,3,2,3,3,No,0,4,14,No
52,Male,Single,Research & Development,Research Director,Technical Degree,2,16606,7,6,0,30,3,Travel_Rarely,3,2,3,3,Yes,0,2,16,No
35,Male,Single,Research & Development,Research Director,Life Sciences,2,15614,26,9,1,10,3,Travel_Rarely,4,3,4,3,No,1,2,11,No
18,Female,Married,Research & Development,Laboratory Technician,Technical Degree,2,3363,1,0,0,0,4,Travel_Rarely,2,1,3,3,No,0,2,25,No
54,Male,Married,Research & Development,Laboratory Technician,Technical Degree,1,3809,4,11,8,30,3,Travel_Rarely,1,3,3,3,No,1,2,24,No
34,Male,Divorced,Research & Development,Manufacturing Director,Technical Degree,4,10918,2,10,1,20,4,Travel_Rarely,1,3,3,3,No,2,2,12,No
26,Female,Divorced,Sales,Sales Representative,Human Resources,4,4664,2,5,0,5,2,Travel_Rarely,4,3,3,3,No,1,2,13,No
19,Male,Single,Sales,Manager,Human Resources,4,14313,14,0,0,0,3,Non-Travel,3,2,3,3,No,0,1,12,No
32,Male,Divorced,Research & Development,Manufacturing Director,Medical,3,11247,12,1,1,12,1,Travel_Rarely,2,4,3,3,Yes,3,2,14,No
25,Male,Single,Sales,Sales Representative,Medical,3,2633,1,3,1,3,1,Travel_Frequently,4,1,3,3,No,2,2,19,No
39,Female,Single,Sales,Sales Executive,Technical Degree,2,5730,1,6,4,18,3,Non-Travel,4,3,4,3,Yes,1,0,14,No
44,Male,Single,Research & Development,Research Scientist,Other,3,5788,7,8,2,23,3,Travel_Rarely,1,4,3,3,No,2,2,13,No
41,Male,Single,Sales,Sales Representative,Marketing,3,2751,14,2,1,18,3,Travel_Rarely,2,4,2,3,No,0,4,17,No
43,Female,Married,Research & Development,Research Scientist,Other,4,6309,6,21,0,24,5,Travel_Rarely,3,2,3,3,No,2,2,13,No
40,Male,Single,Research & Development,Manufacturing Director,Life Sciences,3,10099,13,7,0,17,1,Travel_Rarely,3,2,2,4,No,1,2,17,No
32,Male,Married,Research & Development,Research Scientist,Medical,4,3575,6,3,1,10,3,Travel_Rarely,4,4,2,4,No,1,3,13,No
33,Female,Married,Sales,Manager,Medical,3,14382,4,7,6,12,6,Travel_Rarely,1,4,3,3,No,1,0,13,No
42,Female,Married,Research & Development,Laboratory Technician,Marketing,4,5857,3,7,0,23,3,Travel_Rarely,1,4,2,3,No,0,1,19,No
44,Female,Married,Sales,Manager,Human Resources,3,14415,11,3,3,26,0,Non-Travel,4,3,3,3,No,1,5,13,No
38,Male,Married,Sales,Sales Executive,Technical Degree,3,7445,2,10,10,14,1,Travel_Rarely,3,4,2,3,No,1,2,14,No
24,Male,Married,Research & Development,Research Director,Medical,3,17639,6,2,0,2,2,Travel_Rarely,4,2,2,3,No,0,5,12,No
44,Male,Married,Research & Development,Manufacturing Director,Life Sciences,1,11476,29,21,0,24,2,Travel_Rarely,1,1,2,3,No,1,2,18,No
35,Male,Married,Sales,Sales Representative,Technical Degree,3,3503,22,10,6,10,3,Travel_Frequently,4,3,3,3,Yes,0,4,17,No
34,Female,Married,Research & Development,Manufacturing Director,Medical,3,11135,1,10,5,12,5,Non-Travel,2,3,2,3,No,0,2,17,No
42,Male,Married,Sales,Sales Executive,Life Sciences,1,6318,1,10,0,22,5,Travel_Rarely,4,1,4,3,No,2,3,18,No
33,Male,Married,Sales,Sales Executive,Medical,3,7653,3,0,0,13,3,Travel_Rarely,4,2,3,3,Yes,1,1,15,No
27,Male,Divorced,Research & Development,Research Scientist,Technical Degree,4,5531,2,3,0,3,4,Travel_Rarely,1,3,2,3,Yes,0,5,13,Yes
44,Female,Divorced,Sales,Sales Executive,Medical,3,8664,4,9,0,24,4,Travel_Rarely,3,3,2,3,Yes,1,1,15,No
36,Female,Married,Research & Development,Laboratory Technician,Life Sciences,3,1831,1,11,2,15,1,Travel_Frequently,4,2,3,3,No,2,2,15,No
47,Female,Single,Research & Development,Laboratory Technician,Other,4,4035,2,0,0,30,2,Travel_Rarely,4,2,3,4,No,0,1,15,No
28,Male,Married,Research & Development,Research Scientist,Other,2,4680,15,7,2,9,0,Travel_Rarely,2,3,2,3,No,3,4,15,Yes
28,Male,Married,Sales,Sales Representative,Technical Degree,4,5143,15,10,10,11,4,Travel_Frequently,1,2,3,3,No,1,2,15,Yes
43,Male,Single,Research & Development,Research Director,Human Resources,3,15905,1,1,1,23,0,Travel_Rarely,2,2,3,3,No,1,5,15,No
48,Male,Married,Sales,Sales Representative,Human Resources,1,2975,12,3,2,30,0,Travel_Rarely,4,4,3,3,No,3,2,12,No
51,Male,Married,Sales,Manager,Technical Degree,4,13310,8,0,0,31,1,Travel_Rarely,4,4,2,3,Yes,1,3,21,No
41,Female,Single,Sales,Sales Executive,Technical Degree,3,8153,1,6,4,19,2,Travel_Rarely,4,2,3,3,No,0,3,13,No
38,Male,Divorced,Research & Development,Manufacturing Director,Other,4,8130,14,1,1,14,1,Non-Travel,4,4,3,3,No,1,2,17,No
29,Female,Married,Research & Development,Laboratory Technician,Marketing,3,3335,1,3,3,12,3,Travel_Frequently,4,3,3,3,No,2,5,16,No
37,Female,Married,Research & Development,Manufacturing Director,Human Resources,5,10823,6,7,2,13,3,Travel_Rarely,2,2,3,3,No,0,3,18,No
27,Male,Single,Research & Development,Research Director,Other,3,15736,22,2,1,2,1,Travel_Rarely,4,3,3,3,No,3,1,15,Yes
21,Male,Married,Sales,Sales Executive,Life Sciences,3,9112,20,2,1,2,1,Travel_Rarely,1,2,2,3,Yes,2,5,13,No
28,Female,Married,Research & Development,Laboratory Technician,Human Resources,4,1648,1,0,0,2,4,Travel_Frequently,4,3,3,3,No,3,1,17,Yes
34,Female,Divorced,Research & Development,Research Director,Human Resources,3,15213,12,4,0,11,4,Travel_Rarely,4,4,2,3,No,3,5,14,No
32,Female,Married,Research & Development,Research Scientist,Medical,2,4577,1,0,0,9,7,Travel_Rarely,4,2,3,3,No,1,5,12,No
47,Female,Single,Research & Development,Research Scientist,Technical Degree,3,4126,1,0,0,26,2,Non-Travel,3,4,3,3,Yes,1,2,11,No
39,Female,Married,Research & Development,Laboratory Technician,Technical Degree,3,3745,1,1,1,17,0,Travel_Frequently,3,4,3,4,Yes,0,0,14,No
47,Male,Married,Research & Development,Research Director,Human Resources,3,16830,4,4,2,25,4,Travel_Rarely,4,1,3,3,No,1,5,12,No
42,Female,Divorced,Research & Development,Research Director,Life Sciences,3,16434,3,2,2,21,3,Travel_Rarely,2,4,3,3,No,0,2,16,No
29,Female,Married,Research & Development,Research Director,Other,2,17834,4,13,0,13,3,Travel_Rarely,3,1,2,4,Yes,0,3,11,No
35,Male,Married,Sales,Manager,Life Sciences,3,15241,3,3,0,12,3,Travel_Rarely,4,2,2,3,Yes,0,2,14,No
38,Male,Married,Research & Development,Laboratory Technician,Other,3,3363,12,9,0,11,2,Travel_Rarely,4,3,3,3,Yes,2,2,23,No
53,Male,Married,Sales,Sales Executive,Other,3,6866,1,2,2,34,3,Travel_Frequently,3,4,3,4,No,1,0,17,No
38,Male,Single,Research & Development,Laboratory Technician,Medical,2,6080,3,15,3,21,3,Travel_Rarely,3,2,3,3,No,1,5,11,No
25,Male,Married,Sales,Sales Representative,Marketing,3,3705,2,0,0,0,6,Travel_Frequently,3,4,3,3,Yes,0,4,20,Yes
25,Female,Single,Sales,Manager,Life Sciences,4,13073,4,2,2,2,1,Travel_Rarely,3,3,2,3,No,2,1,11,No
29,Male,Married,Sales,Sales Representative,Marketing,3,3105,3,7,4,7,4,Travel_Frequently,3,1,3,3,No,1,0,17,No
26,Male,Single,Research & Development,Manufacturing Director,Human Resources,4,7810,3,2,1,8,0,Travel_Rarely,4,4,3,3,No,1,6,11,No
33,Male,Single,Research & Development,Laboratory Technician,Life Sciences,3,3301,1,4,0,4,2,Travel_Rarely,3,4,4,3,Yes,1,6,15,No
27,Male,Married,Research & Development,Research Scientist,Medical,4,4360,2,7,2,7,3,Travel_Rarely,2,3,2,3,No,0,1,17,Yes
43,Female,Married,Sales,Manager,Medical,3,15161,3,2,2,21,3,Travel_Rarely,2,1,2,3,No,1,3,14,No
42,Male,Divorced,Research & Development,Laboratory Technician,Life Sciences,4,2523,7,1,1,20,2,Travel_Rarely,3,2,3,3,No,1,0,12,Yes
41,Female,Single,Research & Development,Research Scientist,Medical,3,6704,10,4,0,22,2,Non-Travel,4,2,3,4,No,2,2,14,No
31,Female,Single,Research & Development,Research Director,Technical Degree,1,17609,19,9,1,9,3,Travel_Rarely,2,3,1,3,Yes,1,2,14,No
36,Female,Married,Research & Development,Research Scientist,Marketing,2,7192,4,4,4,18,1,Travel_Rarely,1,2,3,3,Yes,0,2,18,Yes
36,Male,Married,Sales,Sales Executive,Life Sciences,3,7182,2,9,3,13,7,Travel_Rarely,4,4,1,3,No,0,3,11,No
54,Male,Married,Research & Development,Laboratory Technician,Other,3,1304,12,1,1,33,1,Travel_Rarely,3,1,1,3,No,0,6,11,No
47,Male,Single,Sales,Sales Representative,Marketing,4,2230,1,0,0,25,9,Travel_Rarely,3,3,3,3,No,0,2,13,Yes
47,Female,Married,Research & Development,Research Scientist,Other,2,6161,17,0,0,27,5,Travel_Rarely,4,4,3,4,No,2,1,12,No
44,Female,Married,Sales,Manager,Marketing,4,17173,3,21,1,21,2,Travel_Frequently,4,3,2,3,No,1,2,18,No
28,Female,Married,Research & Development,Manufacturing Director,Technical Degree,2,10145,1,7,2,7,4,Travel_Rarely,4,3,3,4,No,3,1,19,No
41,Male,Divorced,Research & Development,Research Director,Technical Degree,2,15226,11,5,0,22,2,Travel_Rarely,2,3,4,3,Yes,0,4,11,No
40,Male,Single,Sales,Sales Executive,Other,3,7138,1,3,3,18,4,Travel_Frequently,2,2,4,3,No,1,3,21,No
40,Female,Married,Research & Development,Laboratory Technician,Medical,3,3263,1,8,3,23,1,Travel_Rarely,4,1,1,3,No,0,6,17,No
34,Female,Divorced,Research & Development,Research Director,Life Sciences,3,16824,4,9,1,13,0,Travel_Rarely,4,3,3,3,No,0,5,11,No
38,Male,Divorced,Research & Development,Laboratory Technician,Medical,4,1878,12,5,2,14,3,Travel_Rarely,4,1,3,3,No,0,2,16,No
27,Female,Divorced,Research & Development,Laboratory Technician,Marketing,2,3942,2,4,3,4,2,Travel_Rarely,2,2,3,3,No,0,4,14,Yes
42,Female,Married,Research & Development,Research Director,Life Sciences,4,16661,17,0,0,24,1,Travel_Frequently,4,2,3,3,No,1,4,13,No
50,Female,Single,Research & Development,Research Director,Other,1,14629,8,1,1,27,4,Travel_Rarely,4,4,2,3,No,1,0,17,No
34,Male,Married,Research & Development,Manufacturing Director,Marketing,4,10823,5,15,0,17,1,Travel_Rarely,3,4,3,3,Yes,1,3,11,No
41,Male,Single,Research & Development,Research Scientist,Life Sciences,2,4759,7,7,4,17,7,Non-Travel,4,4,3,3,No,0,2,18,No
37,Male,Married,Sales,Manager,Life Sciences,3,13146,10,1,1,15,2,Travel_Rarely,1,2,2,4,Yes,1,3,13,No
40,Male,Married,Sales,Sales Representative,Life Sciences,4,2312,7,4,0,17,1,Travel_Rarely,3,3,2,3,No,0,1,17,No
25,Male,Married,Research & Development,Research Scientist,Life Sciences,2,3862,2,0,0,0,4,Travel_Rarely,4,4,3,3,No,1,5,15,No
38,Male,Single,Research & Development,Laboratory Technician,Human Resources,5,3680,17,6,2,14,2,Travel_Rarely,2,2,4,3,No,1,6,16,No
35,Female,Single,Sales,Sales Executive,Other,2,9645,1,16,1,16,2,Travel_Frequently,2,4,3,3,No,2,5,11,No
42,Male,Married,Research & Development,Research Director,Medical,3,15729,1,0,0,19,5,Travel_Rarely,4,4,3,3,No,0,3,11,No
49,Male,Divorced,Research & Development,Research Director,Human Resources,3,13946,1,0,0,31,2,Travel_Rarely,3,4,3,4,Yes,2,5,11,No
33,Male,Divorced,Research & Development,Laboratory Technician,Marketing,4,4576,3,6,0,6,0,Travel_Rarely,3,2,3,4,No,0,3,11,No
41,Male,Married,Research & Development,Laboratory Technician,Human Resources,3,1372,4,1,1,16,2,Travel_Frequently,4,3,4,3,Yes,1,3,11,No
29,Male,Married,Research & Development,Manufacturing Director,Life Sciences,4,10932,2,0,0,2,7,Travel_Frequently,2,4,3,3,Yes,1,3,19,Yes
37,Female,Single,Research & Development,Research Director,Technical Degree,3,17030,11,14,2,14,1,Travel_Rarely,4,1,3,3,No,3,1,19,No
31,Female,Married,Sales,Sales Representative,Technical Degree,4,3877,21,5,0,9,2,Non-Travel,3,4,3,3,No,1,5,13,No
30,Female,Single,Research & Development,Laboratory Technician,Technical Degree,1,4176,3,1,1,9,2,Travel_Rarely,2,4,3,3,No,1,2,11,No
21,Male,Married,Research & Development,Laboratory Technician,Technical Degree,3,2914,1,0,0,0,3,Travel_Rarely,1,2,3,3,No,1,3,11,Yes
39,Male,Single,Research & Development,Research Director,Other,2,16852,2,17,0,17,1,Travel_Rarely,4,4,2,4,No,0,3,20,No
45,Female,Divorced,Research & Development,Manufacturing Director,Medical,4,10373,3,5,4,22,4,Non-Travel,1,2,1,4,Yes,0,2,17,No
36,Male,Married,Research & Development,Manufacturing Director,Medical,3,7939,7,0,0,11,2,Non-Travel,1,4,3,3,No,1,0,17,No
30,Male,Married,Research & Development,Research Director,Other,2,16176,20,0,0,12,2,Travel_Rarely,2,2,3,3,No,1,4,11,No
44,Male,Single,Research & Development,Laboratory Technician,Other,3,5732,3,11,0,23,1,Travel_Rarely,4,1,2,3,No,1,2,11,No
28,Male,Divorced,Research & Development,Laboratory Technician,Marketing,5,3663,5,1,1,9,1,Travel_Frequently,3,4,3,3,No,3,0,13,No
24,Female,Married,Research & Development,Research Scientist,Life Sciences,2,4372,4,3,2,3,2,Travel_Frequently,2,1,3,3,Yes,1,1,22,Yes
26,Male,Married,Sales,Manager,Life Sciences,4,14286,12,3,3,3,3,Travel_Frequently,2,1,3,3,No,1,2,13,No
35,Female,Married,Research & Development,Laboratory Technician,Human Resources,2,5021,13,13,1,13,0,Non-Travel,4,4,3,3,No,0,2,13,No
36,Male,Married,Research & Development,Research Scientist,Medical,2,5030,2,2,0,19,5,Travel_Rarely,3,3,3,3,Yes,2,1,21,Yes
31,Male,Single,Research & Development,Research Director,Technical Degree,3,15418,2,1,1,11,1,Travel_Rarely,4,2,3,3,Yes,1,4,11,No
55,Male,Married,Sales,Sales Executive,Marketing,1,7544,9,3,0,35,0,Non-Travel,4,4,2,3,No,3,4,14,No
42,Male,Divorced,Research & Development,Laboratory Technician,Other,2,4577,3,9,6,17,3,Travel_Rarely,3,1,3,3,No,0,1,11,No
50,Male,Single,Sales,Manager,Life Sciences,2,14129,4,5,0,25,0,Travel_Rarely,1,4,3,3,Yes,1,6,16,No
18,Male,Divorced,Research & Development,Research Scientist,Life Sciences,3,4406,3,0,0,0,5,Travel_Rarely,1,3,3,3,No,0,1,14,No
37,Female,Single,Sales,Sales Executive,Other,3,8897,15,3,1,17,6,Travel_Rarely,4,2,2,3,No,0,4,17,No
29,Male,Single,Research & Development,Laboratory Technician,Life Sciences,3,3802,1,2,1,5,6,Travel_Rarely,3,4,3,3,No,1,2,17,No
28,Female,Married,Research & Development,Laboratory Technician,Other,3,4357,1,6,4,6,2,Travel_Rarely,2,4,3,3,No,1,3,24,No
37,Female,Single,Research & Development,Laboratory Technician,Technical Degree,4,3569,9,7,6,18,8,Travel_Rarely,2,1,3,3,No,0,6,12,No
31,Male,Divorced,Sales,Manager,Life Sciences,3,14026,7,4,3,9,4,Travel_Frequently,4,1,2,3,Yes,1,2,14,No
35,Female,Married,Sales,Manager,Marketing,3,13587,3,10,0,10,0,Travel_Frequently,2,4,3,3,Yes,0,1,14,No
18,Male,Divorced,Sales,Sales Executive,Marketing,4,4831,5,0,0,0,0,Travel_Rarely,3,4,2,3,Yes,1,1,11,Yes
28,Male,Married,Sales,Manager,Medical,4,14652,23,9,3,9,2,Travel_Rarely,2,3,3,3,No,0,4,15,No
26,Female,Single,Research & Development,Research Scientist,Technical Degree,4,4553,6,4,1,4,1,Travel_Frequently,3,4,3,3,No,3,1,12,No
32,Male,Married,Research & Development,Manufacturing Director,Other,3,9168,6,4,4,4,1,Travel_Rarely,3,3,1,3,Yes,0,2,11,No
38,Female,Single,Human Resources,Human Resources,Medical,1,3973,5,14,5,14,3,Travel_Rarely,4,3,3,3,No,0,3,11,No
47,Male,Divorced,Sales,Sales Executive,Medical,1,9785,1,19,3,25,1,Travel_Rarely,3,4,3,3,No,1,2,15,No
26,Female,Single,Research & Development,Research Director,Marketing,3,15727,2,0,0,10,5,Travel_Frequently,4,3,3,3,No,0,2,18,Yes
32,Female,Married,Sales,Manager,Other,4,15951,5,4,4,9,2,Travel_Frequently,1,3,3,4,No,0,4,13,No
31,Male,Divorced,Research & Development,Research Scientist,Technical Degree,4,3389,1,5,3,7,1,Non-Travel,1,1,4,3,No,0,4,14,No
31,Female,Divorced,Sales,Manager,Marketing,4,14724,9,1,0,10,2,Travel_Rarely,1,3,1,4,No,1,4,12,No
31,Male,Single,Research & Development,Manufacturing Director,Life Sciences,4,9953,4,6,1,6,4,Travel_Rarely,4,2,3,3,No,0,1,18,No
38,Male,Single,Research & Development,Laboratory Technician,Technical Degree,3,3721,3,2,2,19,1,Travel_Rarely,3,3,3,3,Yes,0,4,14,No
36,Female,Single,Sales,Sales Executive,Human Resources,3,7833,4,13,0,15,5,Travel_Rarely,3,3,3,3,No,0,3,12,No
34,Male,Single,Research & Development,Research Scientist,Life Sciences,2,5072,1,7,0,14,1,Travel_Rarely,3,4,1,3,No,0,3,15,No
38,Male,Married,Sales,Sales Executive,Marketing,3,8508,5,4,0,14,1,Travel_Rarely,4,3,1,3,Yes,1,6,24,No
35,Female,Divorced,Sales,Manager,Human Resources,3,15489,1,2,2,18,2,Travel_Rarely,1,3,3,3,No,0,2,12,Yes
20,Male,Single,Research & Development,Research Director,Life Sciences,2,16348,18,0,0,0,1,Travel_Rarely,2,1,2,3,No,2,3,11,No
41,Female,Divorced,Research & Development,Research Scientist,Technical Degree,1,5737,4,6,1,19,5,Travel_Rarely,3,3,3,3,No,2,4,18,No
32,Female,Divorced,Sales,Manager,Medical,1,13812,12,10,3,16,5,Travel_Rarely,1,4,3,3,No,0,3,11,No
43,Male,Divorced,Research & Development,Laboratory Technician,Marketing,4,2867,8,2,2,16,3,Travel_Frequently,2,2,3,3,No,2,2,17,No
41,Female,Married,Research & Development,Laboratory Technician,Other,2,2799,2,2,0,23,2,Non-Travel,3,2,3,3,Yes,1,0,21,Yes
35,Male,Married,Research & Development,Laboratory Technician,Other,4,2636,4,0,0,15,4,Travel_Rarely,2,1,3,3,Yes,0,1,25,Yes
36,Female,Single,Research & Development,Laboratory Technician,Marketing,3,2748,1,0,0,17,1,Travel_Frequently,3,3,1,3,Yes,0,0,18,No
34,Female,Married,Sales,Sales Executive,Medical,1,8059,6,11,3,15,1,Travel_Rarely,4,3,3,3,No,0,2,18,No
34,Male,Single,Research & Development,Research Scientist,Medical,1,4457,28,8,1,11,0,Non-Travel,2,3,3,3,No,0,2,18,Yes
26,Female,Divorced,Human Resources,Human Resources,Marketing,3,4449,5,4,2,4,1,Travel_Frequently,3,4,3,3,No,0,2,11,No
34,Female,Single,Sales,Manager,Technical Degree,4,16485,22,12,8,14,4,Non-Travel,4,2,3,3,Yes,1,3,16,No
41,Male,Married,Research & Development,Laboratory Technician,Medical,3,5741,5,19,0,23,0,Travel_Rarely,2,3,3,3,No,0,3,11,No
52,Female,Married,Sales,Manager,Human Resources,3,13207,1,3,3,32,4,Travel_Rarely,2,2,3,3,No,0,3,13,No
29,Male,Married,Research & Development,Research Director,Other,3,14857,16,5,1,5,3,Travel_Rarely,2,3,3,3,No,2,3,14,No
19,Male,Single,Research & Development,Laboratory Technician,Medical,1,3099,5,0,0,0,4,Non-Travel,4,3,2,4,No,2,3,15,No
54,Male,Married,Research & Development,Laboratory Technician,Other,2,2040,3,6,6,27,0,Travel_Rarely,1,4,3,4,No,1,2,15,No
53,Female,Married,Sales,Manager,Medical,3,15196,4,5,5,37,2,Travel_Rarely,4,3,1,3,No,0,4,20,No
18,Female,Divorced,Sales,Sales Representative,Marketing,1,2716,9,0,0,0,3,Travel_Rarely,2,2,4,3,No,3,2,19,Yes
38,Female,Single,Sales,Sales Representative,Human Resources,2,2643,1,7,0,20,3,Travel_Rarely,1,1,3,3,No,2,2,11,No
35,Male,Single,Sales,Sales Executive,Marketing,3,6362,4,3,0,17,3,Travel_Rarely,3,3,3,3,Yes,0,1,11,Yes
42,Male,Single,Research & Development,Research Scientist,Medical,3,5434,7,5,5,24,6,Travel_Frequently,4,3,3,3,No,2,0,18,Yes
46,Female,Married,Research & Development,Laboratory Technician,Life Sciences,5,2684,23,0,0,26,9,Travel_Rarely,3,2,2,3,No,0,4,19,No
29,Male,Single,Research & Development,Manufacturing Director,Marketing,3,9816,28,1,0,11,2,Travel_Rarely,2,3,3,4,Yes,0,4,17,Yes
29,Female,Single,Research & Development,Laboratory Technician,Technical Degree,4,4076,8,1,0,11,5,Travel_Rarely,4,3,4,3,No,0,1,11,No
35,Female,Single,Research & Development,Research Director,Other,1,14928,3,4,4,13,2,Travel_Rarely,3,3,3,3,No,3,3,11,No
25,Male,Divorced,Sales,Manager,Other,4,13831,12,0,0,4,0,Travel_Rarely,3,3,3,3,No,0,0,15,No
36,Female,Married,Research & Development,Laboratory Technician,Other,3,2306,18,1,0,15,2,Travel_Frequently,4,3,2,4,Yes,0,2,11,No
35,Female,Divorced,Research & Development,Manufacturing Director,Life Sciences,3,10105,2,0,0,12,1,Travel_Rarely,2,3,3,3,No,2,1,16,No
39,Female,Married,Research & Development,Laboratory Technician,Life Sciences,3,2124,3,0,0,13,5,Travel_Rarely,1,4,3,3,Yes,0,3,15,Yes
30,Male,Divorced,Research & Development,Laboratory Technician,Marketing,3,3183,6,5,3,11,3,Travel_Rarely,3,1,3,4,Yes,1,5,17,No
33,Male,Married,Sales,Sales Executive,Other,4,6598,1,1,0,11,2,Travel_Rarely,3,4,3,3,No,0,3,14,No
42,Male,Divorced,Sales,Manager,Marketing,4,15108,8,2,2,19,4,Non-Travel,2,2,3,4,No,0,2,11,No
39,Female,Divorced,Sales,Sales Executive,Human Resources,3,9393,1,12,0,18,3,Travel_Rarely,3,4,3,3,Yes,0,2,16,No
45,Male,Married,Research & Development,Laboratory Technician,Other,3,3126,20,0,0,26,1,Non-Travel,1,2,2,3,Yes,2,2,13,No
53,Female,Divorced,Research & Development,Laboratory Technician,Medical,4,4264,1,3,3,33,1,Travel_Rarely,3,1,3,3,No,0,3,20,Yes
52,Male,Divorced,Research & Development,Manufacturing Director,Marketing,5,10581,18,4,0,31,4,Travel_Frequently,4,2,3,3,Yes,0,2,13,No
36,Male,Single,Sales,Sales Representative,Medical,2,3041,1,2,1,14,2,Travel_Frequently,4,4,3,3,Yes,0,1,15,No
18,Female,Divorced,Sales,Sales Executive,Human Resources,3,7112,1,4,0,4,8,Travel_Rarely,3,1,3,3,No,0,6,13,No
37,Male,Married,Sales,Manager,Marketing,4,12301,12,4,2,15,0,Travel_Frequently,1,3,2,3,Yes,0,1,11,No
18,Male,Divorced,Research & Development,Laboratory Technician,Life Sciences,3,2449,3,0,0,0,2,Non-Travel,4,3,3,3,No,0,3,12,No
42,Female,Single,Research & Development,Laboratory Technician,Medical,5,1644,10,0,0,23,5,Travel_Rarely,4,2,3,3,No,2,0,14,Yes
25,Male,Single,Sales,Sales Executive,Marketing,2,6991,9,0,0,6,3,Travel_Rarely,2,4,3,3,No,1,4,12,No
35,Male,Single,Sales,Sales Executive,Other,4,6318,2,9,3,15,2,Travel_Rarely,1,3,1,4,No,0,5,13,No
31,Male,Married,Research & Development,Research Scientist,Marketing,3,4815,8,12,5,12,2,Travel_Rarely,4,1,3,4,No,0,3,14,No
37,Female,Single,Research & Development,Laboratory Technician,Technical Degree,2,2731,13,0,0,22,4,Travel_Rarely,4,3,2,3,No,1,1,15,No
60,Male,Married,Research & Development,Laboratory Technician,Other,3,2448,4,0,0,40,4,Travel_Rarely,2,3,3,3,No,1,6,14,Yes
24,Female,Single,Research & Development,Research Director,Technical Degree,1,17683,12,2,2,6,4,Travel_Rarely,4,4,3,3,No,0,2,18,No
33,Male,Married,Research & Development,Manufacturing Director,Marketing,1,9455,9,2,0,6,2,Travel_Rarely,2,3,3,4,No,0,6,13,No
46,Male,Single,Human Resources,Manager,Human Resources,4,12741,4,4,3,23,1,Travel_Rarely,4,2,1,3,No,1,6,19,No
43,Male,Single,Sales,Sales Representative,Technical Degree,3,5684,10,23,0,25,3,Travel_Rarely,3,1,3,4,Yes,0,2,23,Yes
47,Male,Single,Sales,Sales Executive,Other,3,6417,7,6,0,29,2,Travel_Rarely,2,3,3,3,No,1,3,11,No
31,Female,Married,Research & Development,Research Scientist,Other,2,6387,18,5,1,5,3,Travel_Rarely,1,4,3,3,Yes,0,3,11,No
26,Male,Divorced,Sales,Sales Executive,Marketing,3,7146,1,0,0,0,6,Non-Travel,4,4,3,3,No,0,5,17,No
32,Male,Married,Research & Development,Research Scientist,Life Sciences,3,5493,10,8,2,8,4,Non-Travel,4,2,2,4,Yes,0,2,18,No
24,Female,Divorced,Research & Development,Laboratory Technician,Life Sciences,3,3973,3,3,2,7,1,Travel_Rarely,3,1,1,3,Yes,0,5,15,No
35,Male,Married,Sales,Sales Executive,Human Resources,3,7489,5,3,2,12,2,Travel_Rarely,3,1,2,4,Yes,0,2,15,No
44,Male,Divorced,Research & Development,Research Director,Marketing,4,15805,5,11,1,23,3,Travel_Frequently,1,3,1,3,Yes,1,2,11,No
41,Female,Married,Sales,Sales Representative,Other,2,1250,1,3,0,20,7,Travel_Rarely,4,4,2,3,No,0,4,18,No
40,Male,Married,Research & Development,Manufacturing Director,Medical,4,9746,11,5,5,21,3,Travel_Rarely,3,2,2,4,No,2,4,24,No
40,Female,Married,Research & Development,Research Director,Technical Degree,3,17252,1,0,0,20,3,Travel_Frequently,1,3,3,3,No,0,2,16,No
38,Male,Divorced,Sales,Sales Representative,Other,2,3308,18,4,1,14,3,Travel_Rarely,2,3,2,3,Yes,0,2,14,Yes
41,Male,Single,Sales,Sales Executive,Technical Degree,4,6805,5,0,0,26,3,Travel_Rarely,2,4,3,3,No,0,2,12,Yes
44,Male,Single,Research & Development,Laboratory Technician,Technical Degree,3,3095,2,0,0,22,2,Travel_Rarely,3,4,2,3,Yes,0,1,19,No
34,Male,Single,Sales,Sales Executive,Life Sciences,5,6786,13,4,0,12,2,Travel_Rarely,1,3,3,3,No,0,4,11,Yes
32,Male,Married,Research & Development,Research Scientist,Marketing,1,4457,2,0,0,14,3,Non-Travel,3,4,3,3,Yes,1,3,19,Yes
25,Female,Single,Sales,Sales Executive,Marketing,3,6950,9,4,3,6,3,Non-Travel,4,4,3,3,No,0,1,13,No
28,Male,Single,Research & Development,Manufacturing Director,Life Sciences,2,11948,7,7,3,7,5,Travel_Frequently,1,3,3,3,No,0,3,11,Yes
37,Male,Married,Sales,Sales Representative,Other,3,3290,19,8,0,15,4,Travel_Frequently,1,4,3,3,No,0,2,13,No
34,Female,Single,Research & Development,Research Director,Human Resources,2,14975,17,0,0,11,3,Travel_Frequently,4,3,1,3,No,1,3,14,No
44,Male,Single,Research & Development,Laboratory Technician,Marketing,3,3164,7,5,1,23,4,Travel_Frequently,3,2,3,4,No,0,0,15,No
42,Male,Married,Sales,Sales Representative,Technical Degree,3,4171,1,3,0,16,2,Travel_Rarely,1,1,3,3,No,2,1,15,No
28,Female,Married,Research & Development,Manufacturing Director,Technical Degree,4,10162,8,6,0,7,1,Travel_Rarely,3,1,2,4,No,1,2,11,No
31,Female,Single,Research & Development,Manufacturing Director,Medical,2,10922,1,0,0,10,6,Travel_Rarely,2,2,3,3,No,2,4,12,No
44,Female,Divorced,Research & Development,Research Scientist,Technical Degree,4,4280,29,4,4,21,3,Non-Travel,3,4,3,3,No,0,2,11,No
43,Female,Married,Research & Development,Research Scientist,Life Sciences,3,4107,5,2,0,25,0,Travel_Rarely,4,4,2,3,No,0,5,11,No
52,Male,Single,Research & Development,Research Scientist,Human Resources,3,5017,7,12,9,32,4,Travel_Rarely,1,2,3,3,No,1,4,15,No
48,Male,Married,Research & Development,Research Scientist,Medical,4,5456,1,2,2,20,2,Travel_Rarely,4,4,3,3,Yes,1,0,15,No
31,Male,Single,Research & Development,Laboratory Technician,Technical Degree,3,1949,5,1,0,10,3,Travel_Rarely,4,4,4,4,No,1,0,16,No
24,Male,Single,Research & Development,Manufacturing Director,Marketing,3,11684,1,0,0,0,3,Travel_Frequently,4,3,3,4,Yes,2,6,16,No
35,Female,Married,Sales,Sales Executive,Medical,3,5773,14,3,0,14,3,Travel_Rarely,4,3,2,4,No,1,1,21,Yes
35,Male,Divorced,Research & Development,Research Scientist,Technical Degree,3,5611,3,4,1,22,4,Non-Travel,4,3,3,3,No,0,3,11,No
24,Male,Single,Sales,Sales Representative,Marketing,3,2797,1,0,0,2,1,Travel_Rarely,4,1,3,3,No,0,1,17,No
38,Male,Married,Sales,Manager,Marketing,4,12977,14,7,1,15,4,Travel_Rarely,3,2,2,4,No,1,6,11,No
41,Male,Single,Research & Development,Research Scientist,Human Resources,3,4237,14,0,0,18,1,Travel_Rarely,2,2,3,4,Yes,1,0,17,No
34,Male,Single,Research & Development,Research Scientist,Human Resources,3,4462,8,11,6,11,2,Travel_Rarely,2,2,3,4,No,1,4,16,No
34,Male,Single,Research & Development,Research Director,Technical Degree,4,16489,2,14,0,14,2,Travel_Rarely,3,3,3,3,No,0,5,15,No
34,Female,Divorced,Research & Development,Research Scientist,Human Resources,3,3906,16,12,6,12,3,Travel_Frequently,4,3,2,3,No,1,1,14,No
44,Female,Single,Sales,Sales Representative,Medical,2,3363,1,11,9,25,3,Travel_Rarely,4,3,3,4,Yes,0,2,17,No
49,Female,Divorced,Research & Development,Research Scientist,Life Sciences,4,5236,3,3,2,17,3,Travel_Rarely,1,4,3,3,No,0,2,14,No
31,Female,Married,Sales,Manager,Technical Degree,2,15604,8,1,1,4,2,Travel_Rarely,3,3,4,3,No,0,1,15,No
33,Male,Single,Research & Development,Laboratory Technician,Medical,3,4294,1,1,1,10,5,Non-Travel,1,1,2,3,No,0,1,11,No
34,Male,Single,Sales,Sales Representative,Technical Degree,2,1263,8,0,0,16,2,Travel_Rarely,2,2,2,3,Yes,0,2,11,Yes
31,Male,Married,Sales,Sales Representative,Medical,2,2974,1,8,2,8,1,Travel_Rarely,4,3,3,3,Yes,0,2,18,No
30,Male,Single,Sales,Sales Executive,Technical Degree,1,5867,10,8,1,15,2,Travel_Frequently,4,4,2,3,No,0,4,19,No
30,Male,Single,Research & Development,Research Scientist,Other,4,3115,7,5,5,6,3,Travel_Rarely,2,3,3,3,No,0,1,14,No
32,Female,Divorced,Research & Development,Laboratory Technician,Other,2,4144,19,8,1,10,2,Travel_Rarely,2,4,3,3,No,1,5,22,No
42,Male,Divorced,Research & Development,Laboratory Technician,Technical Degree,4,2964,8,1,0,17,4,Travel_Rarely,2,1,3,3,No,2,0,15,No
42,Female,Single,Sales,Sales Executive,Medical,2,6468,2,5,2,22,1,Travel_Rarely,1,1,3,4,No,0,2,19,Yes
25,Male,Married,Sales,Sales Executive,Marketing,5,5827,1,2,1,2,5,Non-Travel,3,3,2,3,No,0,4,16,No
43,Female,Married,Research & Development,Laboratory Technician,Technical Degree,2,1882,1,0,0,20,3,Travel_Rarely,2,3,1,4,Yes,0,3,16,No
29,Male,Married,Research & Development,Manufacturing Director,Other,4,10214,17,6,1,6,2,Travel_Rarely,1,2,3,3,No,1,3,15,No
33,Male,Married,Sales,Sales Representative,Medical,3,2414,5,15,7,15,1,Travel_Rarely,2,2,3,3,No,0,2,17,No
48,Male,Married,Research & Development,Manufacturing Director,Life Sciences,3,10893,6,2,1,22,3,Travel_Rarely,3,3,2,3,No,0,5,11,No
27,Male,Married,Research & Development,Laboratory Technician,Medical,3,4613,29,8,7,8,3,Travel_Rarely,3,4,3,3,No,1,0,12,Yes
31,Female,Married,Research & Development,Manufacturing Director,Marketing,2,12094,1,14,3,14,3,Travel_Rarely,1,3,2,4,Yes,1,5,21,No
37,Male,Single,Sales,Manager,Technical Degree,2,13140,29,0,0,19,2,Travel_Rarely,3,3,3,3,No,0,2,13,No
41,Male,Single,Research & Development,Laboratory Technician,Marketing,3,4710,19,10,2,24,4,Travel_Frequently,4,4,3,3,No,1,4,11,Yes
38,Male,Divorced,Research & Development,Research Scientist,Medical,1,4785,2,3,0,19,4,Travel_Rarely,4,3,3,3,No,1,2,11,Yes
30,Male,Married,Research & Development,Research Scientist,Marketing,3,4937,1,6,1,13,3,Travel_Rarely,4,2,3,3,No,0,3,11,Yes
26,Female,Single,Research & Development,Laboratory Technician,Technical Degree,4,2953,7,6,6,6,1,Travel_Frequently,1,3,4,3,Yes,1,3,20,Yes
25,Male,Married,Sales,Sales Representative,Technical Degree,2,3536,1,2,1,6,1,Travel_Rarely,2,4,3,3,No,0,3,15,No
36,Female,Married,Sales,Sales Representative,Marketing,3,3857,1,2,2,15,3,Travel_Rarely,2,3,3,3,No,0,0,19,No
34,Female,Married,Human Resources,Manager,Medical,4,13920,17,0,0,9,2,Travel_Rarely,2,4,3,3,No,0,3,13,No
46,Female,Single,Research & Development,Research Director,Human Resources,3,15404,1,16,2,31,0,Travel_Frequently,2,3,2,3,No,0,5,18,No
29,Male,Single,Research & Development,Research Director,Technical Degree,3,15574,1,2,2,2,2,Travel_Frequently,2,4,2,3,Yes,1,2,13,No
45,Male,Married,Sales,Sales Executive,Technical Degree,2,6581,3,3,3,24,4,Non-Travel,4,2,3,3,No,1,5,12,No
29,Male,Single,Human Resources,Human Resources,Human Resources,3,3044,9,4,4,4,3,Travel_Rarely,3,1,3,3,Yes,1,1,11,Yes
24,Female,Divorced,Sales,Sales Representative,Human Resources,3,2261,29,0,0,0,1,Travel_Frequently,4,3,3,3,No,0,2,16,Yes
38,Male,Divorced,Research & Development,Manufacturing Director,Life Sciences,3,9297,10,3,0,9,3,Travel_Rarely,1,1,3,3,No,1,2,12,No
40,Male,Single,Research & Development,Research Scientist,Marketing,3,3466,12,0,0,18,1,Travel_Rarely,4,2,2,3,No,1,3,11,No
40,Male,Married,Sales,Sales Representative,Medical,2,5002,1,14,0,14,3,Travel_Rarely,4,4,4,3,No,1,5,14,No
34,Male,Single,Research & Development,Research Scientist,Other,4,5973,1,8,1,19,5,Travel_Frequently,4,4,3,3,Yes,0,5,23,No
42,Male,Single,Research & Development,Research Scientist,Human Resources,3,5997,23,14,0,16,3,Travel_Rarely,2,2,2,4,No,3,2,15,No
27,Female,Married,Research & Development,Research Director,Medical,3,15394,15,0,0,0,5,Travel_Rarely,4,3,3,4,No,1,2,15,No
42,Male,Single,Research & Development,Manufacturing Director,Technical Degree,3,9669,4,3,1,22,1,Non-Travel,1,3,2,3,No,2,3,17,No
46,Male,Married,Sales,Manager,Marketing,3,16210,2,7,4,26,1,Travel_Rarely,3,3,4,3,Yes,2,2,15,No
32,Female,Single,Sales,Manager,Marketing,3,15398,1,14,5,15,2,Travel_Rarely,4,4,3,3,Yes,1,1,19,No
35,Female,Married,Sales,Sales Executive,Technical Degree,1,6380,2,1,1,14,2,Travel_Rarely,4,1,2,3,No,1,2,14,No
44,Male,Married,Research & Development,Laboratory Technician,Human Resources,3,3553,4,11,11,23,2,Travel_Frequently,4,4,3,3,Yes,2,3,11,No
28,Male,Single,Research & Development,Laboratory Technician,Life Sciences,1,3929,5,0,0,5,3,Travel_Rarely,1,1,3,3,No,1,1,11,No
51,Male,Single,Sales,Manager,Human Resources,3,15783,5,6,1,30,6,Travel_Rarely,4,4,2,3,No,1,2,15,No
18,Female,Divorced,Research & Development,Laboratory Technician,Human Resources,3,2628,2,0,0,0,2,Travel_Rarely,3,4,3,3,No,1,2,19,No
47,Male,Single,Research & Development,Manufacturing Director,Technical Degree,4,9025,2,1,1,22,6,Travel_Rarely,4,4,3,3,No,1,2,17,No
41,Male,Married,Sales,Sales Executive,Medical,3,8305,29,2,0,20,3,Travel_Rarely,1,2,3,3,Yes,1,1,13,No
34,Male,Married,Research & Development,Manufacturing Director,Technical Degree,3,10233,6,2,2,12,2,Travel_Rarely,1,3,4,4,No,2,2,11,No
34,Male,Single,Sales,Sales Executive,Technical Degree,4,7554,3,7,2,7,3,Travel_Rarely,3,3,2,3,No,0,3,15,No
34,Male,Married,Sales,Sales Representative,Technical Degree,1,1383,1,1,1,9,4,Travel_Rarely,3,4,3,3,No,0,3,18,No
43,Male,Married,Research & Development,Research Director,Human Resources,3,14833,10,0,0,16,4,Travel_Rarely,2,2,2,3,No,1,2,15,No
35,Male,Married,Sales,Sales Executive,Human Resources,1,8000,12,10,0,15,3,Travel_Rarely,2,1,3,3,No,1,0,15,No
19,Female,Married,Sales,Manager,Life Sciences,2,13900,21,0,0,0,6,Travel_Rarely,2,2,1,3,No,1,5,11,No
31,Male,Married,Research & Development,Research Director,Other,4,15321,15,3,3,11,4,Travel_Rarely,2,2,3,3,No,0,6,11,Yes
29,Male,Divorced,Research & Development,Research Scientist,Marketing,3,5318,2,4,2,4,6,Travel_Rarely,4,4,3,3,Yes,1,4,17,No
28,Female,Married,Research & Development,Laboratory Technician,Technical Degree,4,3421,29,1,1,10,5,Travel_Rarely,4,2,3,3,No,1,3,17,Yes
31,Male,Single,Research & Development,Research Director,Marketing,1,15096,1,0,0,13,2,Travel_Rarely,3,1,2,3,No,0,6,16,No
53,Male,Single,Sales,Sales Executive,Human Resources,3,9341,8,21,1,28,2,Travel_Frequently,3,1,2,3,No,0,5,12,No
23,Male,Married,Sales,Sales Executive,Other,3,7272,10,1,1,2,3,Travel_Frequently,4,3,3,3,No,1,2,21,No
35,Female,Divorced,Research & Development,Laboratory Technician,Marketing,4,3921,4,2,2,12,1,Travel_Frequently,3,4,2,3,No,2,2,12,No
30,Female,Single,Sales,Sales Executive,Medical,2,8508,1,8,2,8,4,Travel_Rarely,4,4,3,3,No,0,3,14,No
35,Male,Single,Sales,Manager,Human Resources,3,15707,9,5,2,14,1,Travel_Rarely,2,3,2,3,No,1,2,18,No
31,Male,Married,Sales,Sales Executive,Other,3,9851,4,7,7,12,2,Non-Travel,3,2,1,4,No,2,3,15,No
40,Male,Divorced,Research & Development,Laboratory Technician,Medical,3,3790,4,2,0,17,5,Travel_Rarely,3,2,3,4,Yes,0,5,12,No
38,Male,Married,Research & Development,Research Scientist,Medical,3,2681,2,2,0,16,2,Travel_Rarely,3,4,2,3,No,1,3,11,Yes
19,Female,Married,Research & Development,Research Scientist,Human Resources,1,4442,8,3,3,3,4,Travel_Frequently,4,4,2,3,Yes,0,2,15,Yes
41,Male,Married,Research & Development,Research Scientist,Life Sciences,2,5531,8,7,0,19,1,Travel_Rarely,3,3,3,3,No,1,4,16,No
42,Male,Divorced,Research & Development,Laboratory Technician,Life Sciences,2,5144,7,7,1,29,2,Travel_Rarely,1,2,4,3,Yes,0,3,19,No
40,Male,Divorced,Research & Development,Laboratory Technician,Medical,2,3142,6,3,3,19,4,Travel_Rarely,1,4,2,3,No,2,5,18,No
32,Female,Divorced,Research & Development,Laboratory Technician,Other,2,3645,1,10,2,11,3,Travel_Rarely,3,3,3,3,No,0,1,13,No
53,Female,Divorced,Research & Development,Laboratory Technician,Human Resources,3,3980,7,10,4,28,2,Non-Travel,1,2,2,3,No,1,4,12,Yes
34,Male,Single,Research & Development,Research Director,Other,3,17060,5,11,0,19,2,Travel_Rarely,4,1,2,3,No,1,4,16,No
41,Male,Married,Sales,Sales Executive,Human Resources,4,7997,6,13,2,18,5,Travel_Rarely,4,3,3,3,No,0,1,23,No
37,Female,Single,Research & Development,Laboratory Technician,Other,2,3960,6,7,2,15,5,Travel_Rarely,1,3,4,3,Yes,0,2,13,No
26,Male,Married,Research & Development,Research Director,Human Resources,3,15475,13,2,2,3,3,Travel_Frequently,4,2,3,3,No,0,2,17,No
25,Female,Married,Research & Development,Research Scientist,Human Resources,3,4689,1,3,1,3,3,Travel_Rarely,4,2,4,3,No,1,3,15,No
37,Male,Married,Research & Development,Research Director,Medical,3,17849,1,6,1,6,2,Travel_Rarely,1,2,3,3,Yes,2,4,12,No
35,Female,Married,Research & Development,Research Scientist,Medical,3,3225,14,2,0,13,3,Travel_Rarely,1,3,3,3,No,1,2,11,No
46,Male,Divorced,Research & Development,Research Director,Medical,2,17076,6,8,4,24,6,Travel_Rarely,4,3,3,3,No,1,1,14,No
36,Female,Married,Sales,Sales Executive,Other,2,7671,17,2,1,10,5,Non-Travel,4,2,3,3,Yes,2,0,14,No
30,Male,Single,Research & Development,Manufacturing Director,Technical Degree,1,10581,9,3,0,3,3,Travel_Rarely,2,4,3,3,No,1,0,12,No
29,Female,Single,Research & Development,Laboratory Technician,Human Resources,3,2538,7,0,0,11,3,Travel_Rarely,3,4,4,3,Yes,2,4,16,Yes
37,Male,Divorced,Research & Development,Manufacturing Director,Marketing,2,9454,1,1,1,13,4,Travel_Rarely,1,3,2,3,No,2,6,11,No
33,Male,Divorced,Research & Development,Laboratory Technician,Medical,4,2237,2,0,0,12,1,Travel_Rarely,1,4,2,3,No,0,1,11,No
25,Female,Divorced,Research & Development,Manufacturing Director,Technical Degree,1,9782,7,1,1,1,3,Travel_Rarely,2,4,3,3,No,1,5,11,No
37,Female,Married,Sales,Sales Executive,Life Sciences,2,8469,4,2,2,13,1,Travel_Rarely,3,2,3,3,No,1,1,17,No
46,Male,Married,Sales,Sales Executive,Marketing,4,7543,6,4,1,25,2,Travel_Rarely,1,4,3,4,No,2,4,12,No
35,Male,Married,Research & Development,Research Director,Marketing,3,16643,17,9,1,11,2,Travel_Rarely,1,3,1,3,No,0,5,11,No
58,Female,Married,Human Resources,Manager,Marketing,3,12812,2,1,1,40,2,Travel_Rarely,1,3,2,3,No,0,2,17,No
50,Male,Married,Sales,Manager,Marketing,4,13673,2,1,0,28,1,Travel_Rarely,2,4,2,3,No,0,6,15,No
44,Male,Single,Research & Development,Research Scientist,Marketing,4,7388,9,15,0,24,2,Travel_Rarely,3,3,3,3,No,2,6,15,No
20,Female,Single,Research & Development,Research Director,Life Sciences,2,15958,27,0,0,0,2,Travel_Rarely,1,3,3,3,Yes,3,0,16,No
25,Male,Married,Research & Development,Research Director,Technical Degree,4,15606,15,2,2,3,4,Travel_Frequently,3,4,2,3,No,0,2,13,No
18,Male,Single,Research & Development,Research Scientist,Life Sciences,4,5894,12,0,0,0,2,Travel_Rarely,3,2,3,4,No,0,2,14,Yes
31,Male,Divorced,Research & Development,Manufacturing Director,Life Sciences,4,10367,11,12,5,12,1,Travel_Rarely,2,1,2,4,No,0,0,16,Yes
24,Male,Single,Human Resources,Human Resources,Life Sciences,3,3687,2,0,0,2,1,Travel_Rarely,3,3,2,3,No,1,0,20,Yes
30,Male,Married,Research & Development,Research Director,Medical,3,17318,4,8,1,8,2,Travel_Frequently,3,4,2,3,No,1,2,16,No
43,Male,Married,Human Resources,Manager,Medical,4,13184,14,0,0,28,1,Travel_Rarely,4,2,1,4,No,0,0,15,No
30,Female,Divorced,Sales,Manager,Human Resources,3,13517,10,0,0,9,2,Travel_Rarely,4,3,3,3,Yes,0,1,16,No
21,Male,Divorced,Research & Development,Laboratory Technician,Technical Degree,5,3207,20,0,0,0,3,Non-Travel,4,4,2,4,No,1,4,18,No
26,Male,Married,Sales,Manager,Technical Degree,1,15256,2,4,4,4,4,Travel_Frequently,3,1,2,3,No,3,2,12,No
45,Male,Married,Research & Development,Research Scientist,Life Sciences,3,4834,4,6,3,28,0,Travel_Rarely,4,2,3,3,No,1,4,18,No
33,Male,Married,Sales,Manager,Technical Degree,2,12060,5,4,4,17,3,Travel_Rarely,3,4,3,4,No,0,6,14,No
46,Male,Married,Research & Development,Laboratory Technician,Life Sciences,4,4303,17,5,0,17,4,Travel_Rarely,1,1,3,3,No,1,5,11,No
31,Male,Divorced,Research & Development,Research Director,Other,4,16893,7,4,2,13,1,Travel_Rarely,4,4,3,3,No,0,1,15,No
33,Male,Married,Sales,Sales Executive,Technical Degree,3,6423,19,4,1,6,2,Non-Travel,1,3,3,3,No,0,2,15,No
34,Male,Married,Research & Development,Laboratory Technician,Life Sciences,2,2461,8,1,1,15,3,Travel_Rarely,1,1,3,4,Yes,1,4,11,Yes
39,Male,Married,Sales,Sales Representative,Marketing,4,4116,7,5,4,15,4,Travel_Rarely,4,4,3,3,No,3,2,15,No
37,Male,Married,Sales,Manager,Marketing,4,14265,4,5,1,15,5,Travel_Rarely,2,4,3,3,No,1,4,16,Yes
46,Male,Single,Research & Development,Research Scientist,Medical,3,4446,3,4,1,20,1,Travel_Rarely,4,4,3,4,No,1,4,15,No
26,Female,Married,Research & Development,Laboratory Technician,Other,3,2933,1,0,0,0,1,Travel_Frequently,2,3,3,3,No,2,3,15,No
56,Female,Married,Sales,Manager,Other,3,14684,14,3,2,40,5,Travel_Rarely,4,1,2,3,No,1,0,11,No
41,Male,Divorced,Research & Development,Manufacturing Director,Human Resources,3,11563,9,16,6,16,2,Travel_Frequently,3,2,2,4,No,0,1,18,No
49,Male,Married,Research & Development,Research Scientist,Other,3,5871,1,1,1,27,4,Travel_Rarely,1,1,3,3,No,0,2,14,No
41,Male,Single,Research & Development,Research Director,Technical Degree,2,17436,1,0,0,18,3,Travel_Rarely,1,4,3,3,No,1,3,14,Yes
45,Male,Divorced,Research & Development,Laboratory Technician,Human Resources,1,3917,2,2,2,26,3,Travel_Rarely,3,3,3,3,No,1,1,11,No
34,Male,Divorced,Human Resources,Manager,Medical,2,14795,6,3,3,16,3,Travel_Rarely,3,2,3,4,Yes,1,6,11,No
51,Female,Single,Sales,Sales Executive,Medical,1,9897,9,10,8,32,4,Travel_Rarely,4,4,3,3,No,1,3,13,No
41,Male,Divorced,Human Resources,Human Resources,Technical Degree,1,3007,9,0,0,20,1,Travel_Rarely,4,3,1,3,No,0,3,18,Yes
33,Male,Divorced,Sales,Sales Executive,Medical,2,7218,4,0,0,14,4,Non-Travel,2,1,3,3,No,0,3,24,Yes
37,Male,Single,Research & Development,Research Scientist,Life Sciences,3,4809,21,3,3,15,3,Travel_Frequently,1,3,3,4,No,0,3,16,No
41,Female,Single,Research & Development,Manufacturing Director,Other,4,9734,9,3,0,18,1,Travel_Rarely,3,4,3,3,Yes,2,2,11,No
38,Female,Married,Research & Development,Research Scientist,Life Sciences,3,1579,5,0,0,16,2,Travel_Rarely,3,3,3,3,No,0,6,11,No
35,Male,Married,Sales,Sales Executive,Marketing,4,6605,6,5,3,18,2,Travel_Rarely,4,1,3,3,No,3,3,15,No
44,Female,Married,Research & Development,Manufacturing Director,Medical,3,10980,9,2,1,26,2,Travel_Rarely,3,3,4,4,Yes,0,2,20,No
37,Female,Married,Sales,Sales Executive,Other,4,8248,3,12,0,16,0,Travel_Rarely,3,1,3,4,No,1,3,17,No
35,Male,Married,Sales,Sales Executive,Technical Degree,1,7684,6,6,1,15,2,Travel_Rarely,2,4,4,3,No,2,3,21,No
31,Male,Divorced,Research & Development,Research Scientist,Life Sciences,3,3702,5,1,0,6,3,Travel_Rarely,3,3,3,3,No,1,0,18,No
36,Female,Divorced,Research & Development,Laboratory Technician,Human Resources,4,2925,7,0,0,14,4,Travel_Frequently,3,3,2,3,No,1,1,13,No
19,Male,Married,Research & Development,Manufacturing Director,Life Sciences,3,9854,14,0,0,0,4,Travel_Frequently,2,4,2,3,No,1,1,12,Yes
39,Male,Single,Sales,Sales Representative,Medical,2,2268,6,5,2,15,0,Travel_Rarely,3,3,4,3,No,0,3,12,No
38,Female,Single,Human Resources,Human Resources,Medical,3,2778,3,2,0,17,2,Travel_Rarely,3,3,3,3,No,2,4,19,No
23,Male,Married,Sales,Sales Representative,Other,3,3566,8,0,0,0,3,Travel_Rarely,1,4,3,3,No,3,3,11,No
42,Female,Married,Sales,Manager,Technical Degree,3,13060,17,0,0,20,3,Travel_Rarely,4,3,3,3,No,0,4,11,No
41,Male,Married,Research & Development,Research Director,Medical,3,16774,9,17,0,17,3,Travel_Rarely,4,3,4,3,No,1,2,11,No
31,Male,Married,Research & Development,Research Director,Life Sciences,3,16289,22,5,5,18,6,Travel_Rarely,3,2,4,3,Yes,1,3,12,No
43,Male,Single,Research & Development,Manufacturing Director,Medical,1,11030,13,13,7,21,5,Travel_Frequently,4,3,3,3,Yes,0,3,18,No
37,Female,Married,Sales,Sales Executive,Other,2,7141,2,3,1,18,2,Travel_Frequently,2,4,3,3,No,2,6,17,No
49,Male,Single,Research & Development,Manufacturing Director,Life Sciences,2,9052,12,2,1,27,2,Travel_Rarely,4,2,1,4,No,1,2,17,Yes
46,Female,Single,Sales,Manager,Human Resources,3,14314,1,0,0,22,3,Travel_Rarely,3,4,4,3,No,1,3,11,No
32,Male,Married,Research & Development,Research Director,Life Sciences,4,14625,15,3,1,10,0,Travel_Rarely,1,4,3,3,No,0,3,11,No
24,Male,Married,Sales,Sales Representative,Life Sciences,5,5470,9,1,1,3,3,Travel_Rarely,2,2,3,3,Yes,1,3,11,Yes
31,Female,Married,Research & Development,Research Director,Other,3,16127,1,2,2,9,5,Travel_Rarely,1,1,3,3,No,2,2,13,No
31,Female,Single,Sales,Sales Executive,Other,4,8218,22,9,0,9,3,Travel_Rarely,1,3,2,3,No,3,5,11,No
26,Male,Married,Sales,Manager,Technical Degree,3,15064,5,4,3,4,3,Travel_Rarely,3,3,4,3,No,0,5,11,No
19,Male,Married,Research & Development,Laboratory Technician,Technical Degree,5,3854,3,0,0,0,1,Travel_Rarely,3,1,1,4,No,0,5,17,No
44,Male,Married,Research & Development,Research Scientist,Marketing,3,5654,10,17,1,25,6,Travel_Rarely,3,3,3,3,No,1,1,25,No
29,Male,Divorced,Research & Development,Laboratory Technician,Medical,3,3580,2,5,1,7,1,Travel_Rarely,4,2,2,3,No,2,1,19,No
42,Male,Married,Research & Development,Research Director,Marketing,4,14958,1,2,2,17,2,Travel_Rarely,2,2,3,3,Yes,0,3,18,No
30,Male,Single,Research & Development,Research Director,Human Resources,3,13958,29,4,0,8,1,Travel_Rarely,4,4,2,3,No,0,3,18,No
59,Female,Married,Sales,Manager,Medical,3,14419,20,2,2,35,7,Travel_Frequently,3,1,2,4,No,3,1,17,No
35,Male,Single,Research & Development,Research Scientist,Technical Degree,2,5288,4,11,0,13,3,Travel_Rarely,3,4,3,3,No,3,4,16,No
29,Male,Married,Sales,Manager,Human Resources,3,15662,8,7,0,7,2,Travel_Rarely,1,4,3,3,No,1,4,11,No
31,Female,Married,Research & Development,Laboratory Technician,Life Sciences,1,3658,2,4,2,8,2,Travel_Rarely,4,2,3,3,Yes,1,2,14,No
24,Female,Single,Sales,Sales Representative,Life Sciences,3,3943,9,3,0,3,3,Non-Travel,2,4,3,3,No,0,1,14,No
42,Female,Single,Research & Development,Research Director,Medical,3,18690,21,17,0,17,2,Travel_Rarely,2,2,3,3,No,0,3,11,No
39,Male,Married,Research & Development,Research Director,Marketing,4,15874,10,4,0,14,3,Non-Travel,2,1,3,3,No,0,3,11,No
49,Male,Married,Research & Development,Research Scientist,Marketing,2,6721,2,20,6,28,1,Travel_Rarely,3,4,4,3,No,0,1,19,No
36,Male,Married,Human Resources,Manager,Other,3,13837,1,6,2,17,1,Travel_Frequently,3,3,2,3,No,0,5,23,No
43,Female,Married,Sales,Sales Executive,Human Resources,3,7469,6,1,1,25,3,Travel_Rarely,3,1,3,3,No,0,2,21,No
45,Female,Married,Research & Development,Research Director,Medical,3,17544,1,18,9,23,6,Non-Travel,4,1,2,3,Yes,2,1,11,No
40,Female,Divorced,Sales,Sales Executive,Technical Degree,2,8257,5,5,3,21,1,Travel_Frequently,2,2,3,3,No,1,2,13,No
33,Male,Married,Research & Development,Laboratory Technician,Human Resources,4,2893,5,1,0,15,2,Travel_Rarely,3,3,2,3,No,1,2,13,Yes
46,Male,Married,Sales,Sales Representative,Marketing,3,3985,8,9,0,27,1,Travel_Frequently,4,2,3,3,Yes,0,4,15,No
42,Male,Single,Research & Development,Laboratory Technician,Human Resources,1,5012,2,12,3,24,1,Travel_Rarely,3,4,2,3,No,0,4,13,No
29,Male,Married,Research & Development,Research Scientist,Other,4,4861,7,1,1,10,1,Travel_Rarely,4,4,3,3,No,3,3,15,No
47,Male,Married,Research & Development,Manufacturing Director,Life Sciences,3,10645,1,13,8,21,0,Travel_Rarely,3,3,3,3,No,0,2,15,No
31,Male,Married,Sales,Sales Representative,Other,3,2905,5,0,0,7,2,Non-Travel,4,1,2,3,No,0,2,16,No
41,Male,Married,Research & Development,Research Director,Life Sciences,4,14286,14,0,0,20,4,Travel_Rarely,3,2,2,3,No,1,1,13,No
43,Female,Married,Research & Development,Research Director,Marketing,3,16677,3,12,1,23,6,Travel_Frequently,2,3,3,3,No,0,1,21,No
20,Male,Single,Research & Development,Research Scientist,Marketing,4,4774,4,6,3,6,4,Travel_Frequently,4,2,2,3,No,0,3,13,No
46,Female,Single,Research & Development,Laboratory Technician,Life Sciences,4,2360,3,1,1,22,0,Travel_Rarely,4,4,4,3,Yes,1,5,14,No
33,Male,Married,Research & Development,Research Director,Human Resources,3,14490,19,1,0,8,2,Travel_Rarely,4,4,2,3,Yes,0,2,17,No
18,Female,Married,Research & Development,Laboratory Technician,Technical Degree,3,2684,4,0,0,0,1,Travel_Rarely,1,4,3,4,No,1,1,19,Yes
38,Female,Married,Research & Development,Manufacturing Director,Medical,1,8658,1,7,6,17,1,Travel_Rarely,1,3,1,3,Yes,0,6,13,No
54,Male,Single,Research & Development,Laboratory Technician,Marketing,1,4175,2,1,1,33,5,Travel_Rarely,1,4,3,3,Yes,0,1,19,No
39,Male,Married,Research & Development,Laboratory Technician,Marketing,3,5030,1,12,2,12,5,Travel_Rarely,1,2,3,3,Yes,0,5,17,No
31,Male,Married,Research & Development,Research Director,Technical Degree,3,15740,3,1,0,12,7,Non-Travel,4,4,3,3,No,1,2,14,No
39,Male,Single,Sales,Sales Executive,Technical Degree,2,6313,14,0,0,21,3,Travel_Frequently,1,4,3,3,No,2,0,13,No
29,Male,Married,Research & Development,Manufacturing Director,Other,4,9721,1,0,0,6,5,Travel_Rarely,1,4,3,3,No,0,2,11,No
37,Female,Married,Sales,Manager,Life Sciences,4,14755,9,8,4,10,2,Travel_Rarely,4,2,4,3,No,1,3,14,No
27,Male,Married,Sales,Sales Executive,Life Sciences,2,6957,1,6,1,6,2,Travel_Rarely,4,3,3,3,No,1,3,22,No
42,Female,Divorced,Sales,Sales Executive,Technical Degree,3,5616,10,2,1,26,5,Travel_Rarely,2,1,4,3,No,3,4,16,No
42,Female,Divorced,Research & Development,Research Scientist,Life Sciences,3,4557,11,9,1,21,4,Travel_Rarely,2,4,2,3,No,0,2,18,No
43,Male,Divorced,Research & Development,Manufacturing Director,Other,3,9418,8,2,2,27,4,Travel_Rarely,4,1,2,3,Yes,0,2,15,No
18,Male,Single,Sales,Manager,Marketing,3,15114,1,0,0,0,3,Non-Travel,2,2,2,3,Yes,1,1,17,Yes
40,Female,Married,Research & Development,Manufacturing Director,Other,1,11459,1,5,2,18,0,Travel_Frequently,4,4,1,3,No,1,0,13,No
25,Male,Married,Research & Development,Manufacturing Director,Technical Degree,1,9821,1,0,0,1,3,Travel_Rarely,1,4,3,3,No,2,5,12,No
30,Male,Married,Research & Development,Research Scientist,Marketing,4,4193,2,6,1,6,4,Travel_Rarely,4,1,4,3,No,1,1,16,No
31,Female,Married,Research & Development,Research Scientist,Marketing,3,5211,6,6,6,12,3,Travel_Frequently,1,2,2,3,No,1,1,13,No
36,Male,Single,Sales,Manager,Medical,5,15134,3,15,7,15,2,Travel_Frequently,2,4,3,3,Yes,1,1,18,No
37,Male,Married,Research & Development,Manufacturing Director,Other,3,9000,5,4,2,15,2,Travel_Rarely,1,3,3,3,Yes,0,1,11,No
31,Male,Married,Sales,Manager,Medical,4,14655,13,4,3,11,1,Travel_Frequently,4,4,1,3,No,0,5,16,No
52,Male,Married,Research & Development,Research Scientist,Human Resources,2,4945,7,3,3,28,9,Travel_Rarely,2,4,2,3,No,1,2,17,No
40,Male,Single,Sales,Manager,Technical Degree,3,14739,12,0,0,19,0,Travel_Rarely,2,4,3,3,Yes,2,2,14,No
51,Male,Divorced,Research & Development,Research Scientist,Medical,2,4397,1,8,2,35,2,Travel_Rarely,3,2,2,4,No,0,2,11,No
29,Male,Married,Research & Development,Laboratory Technician,Medical,2,4264,10,4,4,4,0,Travel_Frequently,4,2,2,3,Yes,1,3,13,No
36,Female,Single,Human Resources,Human Resources,Technical Degree,5,5487,29,0,0,11,3,Travel_Rarely,4,3,2,3,No,2,3,16,No
33,Male,Married,Research & Development,Research Director,Marketing,3,16318,2,6,6,12,4,Travel_Rarely,4,2,2,3,No,0,6,18,No
41,Female,Single,Sales,Manager,Technical Degree,3,14432,3,15,0,17,2,Travel_Frequently,4,3,3,3,Yes,2,1,11,No
18,Male,Single,Research & Development,Laboratory Technician,Other,3,2341,27,0,0,0,2,Travel_Frequently,4,3,3,3,No,1,4,16,Yes
44,Male,Single,Sales,Manager,Human Resources,4,14039,5,0,0,32,1,Travel_Frequently,3,4,2,3,No,1,6,15,No
41,Female,Married,Research & Development,Research Director,Medical,1,15134,23,2,2,17,4,Travel_Rarely,3,2,2,3,Yes,2,1,11,Yes
29,Female,Married,Research & Development,Manufacturing Director,Technical Degree,3,9516,15,10,6,10,5,Travel_Rarely,2,2,4,3,Yes,2,1,22,Yes
18,Male,Married,Research & Development,Laboratory Technician,Other,1,2019,14,0,0,0,5,Non-Travel,3,3,3,3,Yes,1,1,18,Yes
38,Male,Married,Research & Development,Research Scientist,Human Resources,2,5203,1,3,0,16,2,Travel_Rarely,3,2,4,3,Yes,0,1,13,No
32,Male,Divorced,Research & Development,Research Director,Marketing,3,17763,6,4,4,8,2,Travel_Rarely,3,4,1,3,No,2,4,13,No
34,Female,Divorced,Sales,Sales Executive,Technical Degree,3,7654,6,0,0,14,2,Travel_Rarely,2,4,3,3,No,0,2,16,No
36,Male,Married,Research & Development,Manufacturing Director,Medical,4,11883,4,2,2,19,4,Travel_Rarely,4,3,3,3,No,1,2,15,No
45,Male,Single,Sales,Sales Representative,Life Sciences,3,3035,3,4,1,25,6,Travel_Rarely,3,3,2,4,Yes,1,6,11,No
32,Female,Married,Sales,Sales Representative,Life Sciences,1,3122,1,10,2,10,6,Travel_Rarely,4,3,1,3,No,0,2,19,No
32,Female,Married,Research & Development,Research Scientist,Human Resources,2,4136,4,3,1,13,4,Travel_Rarely,1,3,3,3,Yes,1,1,18,Yes
46,Male,Single,Research & Development,Research Director,Other,3,16444,12,10,1,29,2,Travel_Frequently,4,2,3,3,No,1,3,15,No
29,Male,Single,Research & Development,Manufacturing Director,Medical,4,9626,15,0,0,10,3,Travel_Frequently,3,4,3,3,Yes,1,2,11,No
42,Female,Divorced,Sales,Sales Representative,Marketing,2,2851,1,0,0,20,4,Travel_Rarely,3,4,3,3,No,3,1,20,No
41,Female,Divorced,Research & Development,Laboratory Technician,Marketing,3,3899,3,9,8,19,0,Travel_Rarely,2,4,2,3,No,1,6,14,No
39,Female,Married,Sales,Manager,Human Resources,1,15201,6,7,6,25,2,Travel_Frequently,1,3,1,3,No,1,3,19,Yes
41,Male,Divorced,Research & Development,Laboratory Technician,Human Resources,3,3965,17,2,0,15,3,Travel_Rarely,4,1,3,3,Yes,0,4,12,No
34,Male,Single,Sales,Sales Representative,Other,3,1581,2,4,2,10,3,Travel_Frequently,2,3,4,3,No,1,4,13,No
34,Male,Married,Research & Development,Research Scientist,Medical,2,4731,14,2,0,15,3,Non-Travel,2,3,3,4,No,1,5,14,No
41,Male,Married,Research & Development,Laboratory Technician,Human Resources,4,2897,4,12,8,20,4,Travel_Rarely,3,4,3,4,No,1,2,18,No
28,Male,Married,Sales,Sales Representative,Life Sciences,3,4550,2,8,3,8,4,Travel_Rarely,4,1,3,3,No,0,4,17,Yes
46,Male,Divorced,Research & Development,Research Scientist,Marketing,2,6379,1,14,0,25,2,Travel_Rarely,1,3,3,3,No,0,3,14,No
59,Female,Single,Research & Development,Research Scientist,Other,2,4260,5,0,0,36,0,Travel_Rarely,2,2,3,3,No,0,3,20,Yes
43,Female,Married,Research & Development,Research Scientist,Life Sciences,4,4302,1,3,0,24,2,Travel_Rarely,1,2,4,3,No,0,3,22,No
36,Male,Divorced,Research & Development,Manufacturing Director,Human Resources,3,9713,1,1,1,16,4,Travel_Rarely,2,1,4,3,Yes,1,3,18,Yes
43,Male,Single,Research & Development,Manufacturing Director,Technical Degree,4,10684,3,6,6,17,3,Travel_Rarely,2,3,2,4,No,1,3,15,No
48,Male,Divorced,Research & Development,Research Director,Medical,4,15330,1,2,0,25,4,Travel_Rarely,2,1,3,3,No,0,4,11,No
39,Male,Divorced,Sales,Sales Executive,Other,4,7914,1,13,1,17,1,Travel_Rarely,1,3,3,3,No,1,2,11,No
52,Male,Divorced,Research & Development,Laboratory Technician,Medical,3,3513,2,6,6,32,3,Travel_Rarely,4,2,3,3,No,2,2,16,No
45,Male,Single,Research & Development,Research Director,Other,4,16358,12,0,0,25,1,Travel_Rarely,1,4,3,3,No,0,2,16,No
41,Male,Married,Research & Development,Research Director,Other,2,15881,6,5,0,10,5,Travel_Rarely,1,4,2,3,No,2,4,14,No
42,Male,Single,Research & Development,Research Director,Technical Degree,2,15620,9,0,0,17,2,Travel_Rarely,4,3,3,4,No,1,5,17,No
31,Female,Married,Research & Development,Research Scientist,Human Resources,2,4153,12,4,0,10,1,Travel_Rarely,3,3,3,3,No,0,3,20,No
33,Female,Divorced,Research & Development,Manufacturing Director,Other,2,11476,3,4,0,9,4,Travel_Rarely,3,4,2,3,No,1,1,14,No
35,Female,Married,Sales,Sales Representative,Human Resources,2,3699,1,3,2,12,1,Travel_Rarely,1,2,2,3,No,0,1,17,No
34,Female,Divorced,Research & Development,Manufacturing Director,Human Resources,4,10119,10,5,3,14,2,Travel_Rarely,2,1,2,3,No,1,3,15,No
34,Female,Single,Sales,Sales Representative,Technical Degree,3,2176,1,1,1,12,7,Non-Travel,2,4,2,3,No,2,3,13,Yes
25,Male,Single,Research & Development,Research Scientist,Life Sciences,3,5627,19,1,1,6,5,Travel_Rarely,4,3,3,3,Yes,1,2,14,Yes
50,Female,Single,Research & Development,Research Scientist,Technical Degree,4,5678,23,10,0,28,4,Travel_Rarely,4,1,3,3,Yes,1,0,15,Yes
42,Male,Married,Research & Development,Manufacturing Director,Marketing,2,8408,5,3,3,22,3,Travel_Rarely,3,2,3,3,No,3,3,22,No
54,Male,Married,Research & Development,Research Director,Life Sciences,4,16318,8,2,2,36,5,Travel_Rarely,4,2,3,3,No,0,1,14,No
35,Male,Single,Research & Development,Research Scientist,Human Resources,4,4195,6,0,0,18,5,Travel_Rarely,3,3,3,3,No,0,3,19,Yes
37,Male,Divorced,Research & Development,Laboratory Technician,Technical Degree,3,2389,8,3,3,15,1,Travel_Rarely,3,2,3,4,No,2,3,14,No
41,Female,Married,Sales,Manager,Human Resources,4,14330,3,1,1,17,2,Travel_Rarely,1,4,3,3,No,0,2,14,No
37,Male,Single,Research & Development,Research Scientist,Marketing,3,5311,6,11,0,11,1,Travel_Rarely,3,1,3,3,No,1,2,18,No
47,Female,Married,Research & Development,Laboratory Technician,Technical Degree,3,3885,3,7,1,29,5,Travel_Rarely,4,4,2,3,No,1,4,15,No
28,Male,Single,Research & Development,Laboratory Technician,Medical,1,3022,4,3,0,3,1,Travel_Rarely,4,3,3,3,No,0,3,14,No
40,Male,Married,Research & Development,Laboratory Technician,Medical,3,2402,12,3,3,22,0,Travel_Rarely,3,3,3,3,No,1,1,17,No
32,Male,Married,Sales,Sales Representative,Life Sciences,1,2984,7,6,6,6,4,Travel_Rarely,3,2,2,3,Yes,1,2,20,No
46,Male,Divorced,Research & Development,Manufacturing Director,Medical,3,7990,13,1,0,24,5,Travel_Frequently,3,1,3,3,No,1,4,15,No
24,Male,Married,Research & Development,Research Scientist,Human Resources,5,4833,1,0,0,9,4,Travel_Frequently,3,3,3,3,Yes,1,6,13,Yes
49,Male,Married,Research & Development,Research Scientist,Technical Degree,2,3862,2,4,3,25,5,Travel_Rarely,4,4,4,3,No,0,1,17,No
32,Male,Married,Research & Development,Research Scientist,Medical,1,4373,29,4,2,12,6,Travel_Rarely,4,3,2,3,Yes,2,2,11,Yes
30,Female,Single,Research & Development,Research Director,Human Resources,3,14738,8,4,4,8,2,Travel_Frequently,3,1,2,3,Yes,1,2,18,No
25,Male,Married,Research & Development,Manufacturing Director,Technical Degree,4,8907,26,1,1,2,4,Travel_Rarely,3,4,2,3,Yes,0,6,11,No
47,Male,Single,Research & Development,Laboratory Technician,Other,3,4685,11,10,1,28,2,Travel_Rarely,2,4,3,3,Yes,0,4,13,Yes
32,Male,Married,Research & Development,Laboratory Technician,Marketing,1,3832,2,5,3,5,1,Travel_Rarely,1,1,2,4,No,0,0,14,No
51,Male,Married,Research & Development,Research Scientist,Other,2,5105,4,6,0,28,0,Travel_Rarely,1,1,2,3,Yes,0,5,16,No
36,Male,Single,Sales,Manager,Medical,3,14307,4,2,0,19,4,Travel_Rarely,3,3,1,3,No,0,1,15,No
18,Female,Single,Research & Development,Manufacturing Director,Marketing,4,9898,7,0,0,0,7,Travel_Rarely,3,3,4,3,Yes,0,2,19,No
18,Male,Married,Research & Development,Manufacturing Director,Other,4,10896,7,0,0,0,1,Travel_Frequently,1,1,2,3,No,0,4,16,Yes
37,Male,Divorced,Research & Development,Laboratory Technician,Other,3,5243,10,7,0,15,3,Travel_Rarely,2,1,2,3,Yes,2,4,11,Yes
31,Male,Single,Research & Development,Manufacturing Director,Technical Degree,4,9752,11,7,2,10,5,Travel_Rarely,4,4,3,3,No,3,4,11,No
41,Male,Married,Research & Development,Research Scientist,Life Sciences,3,4971,8,4,0,15,2,Travel_Rarely,1,4,3,3,No,0,4,11,Yes
29,Female,Single,Research & Development,Research Scientist,Medical,3,5281,17,2,1,8,2,Non-Travel,1,1,2,4,No,3,3,24,Yes
41,Male,Single,Research & Development,Laboratory Technician,Other,1,3193,5,0,0,19,2,Travel_Frequently,4,2,4,3,No,1,1,12,No
47,Female,Single,Sales,Sales Representative,Life Sciences,4,2894,18,3,1,27,3,Travel_Rarely,4,3,3,3,Yes,1,1,15,No
32,Female,Single,Sales,Sales Executive,Marketing,3,8224,3,5,3,8,1,Travel_Frequently,4,4,3,3,Yes,1,3,11,No
34,Male,Single,Research & Development,Research Director,Human Resources,2,17879,10,5,5,15,6,Travel_Rarely,4,4,3,3,No,1,5,14,No
38,Female,Married,Research & Development,Laboratory Technician,Technical Degree,3,1949,2,2,2,18,1,Travel_Rarely,4,4,3,3,No,0,4,11,No
38,Male,Married,Research & Development,Research Scientist,Medical,4,4107,16,2,1,27,2,Travel_Rarely,2,4,3,4,No,0,3,16,No
28,Female,Divorced,Sales,Manager,Technical Degree,4,14324,1,0,0,6,2,Travel_Rarely,2,4,4,3,Yes,1,2,18,No
40,Male,Divorced,Research & Development,Laboratory Technician,Marketing,3,2649,1,4,0,19,9,Travel_Rarely,4,4,2,3,No,2,3,12,No
28,Female,Single,Research & Development,Manufacturing Director,Human Resources,4,10811,1,4,1,4,5,Travel_Rarely,3,2,3,3,No,1,5,14,Yes
31,Male,Single,Sales,Sales Executive,Medical,3,6719,1,8,7,8,3,Travel_Rarely,2,1,3,3,No,2,1,14,No
32,Male,Married,Research & Development,Laboratory Technician,Life Sciences,4,2642,17,4,1,8,3,Travel_Rarely,1,1,3,3,Yes,1,1,18,No
42,Male,Single,Research & Development,Research Director,Marketing,4,14948,5,1,1,23,6,Travel_Rarely,3,4,3,3,Yes,0,2,16,No
20,Male,Married,Research & Development,Laboratory Technician,Technical Degree,4,1437,4,0,0,0,0,Travel_Rarely,2,4,3,3,No,0,3,12,No
40,Male,Single,Sales,Sales Executive,Human Resources,4,7904,6,1,1,20,2,Travel_Rarely,4,4,3,3,No,1,6,15,No
33,Male,Married,Sales,Manager,Life Sciences,1,13894,3,1,1,16,2,Travel_Rarely,4,2,2,3,No,1,3,12,No
45,Female,Married,Research & Development,Manufacturing Director,Other,3,10011,14,7,5,31,3,Travel_Rarely,3,4,3,3,No,0,1,14,No
40,Female,Divorced,Sales,Manager,Marketing,2,14677,1,7,0,22,4,Travel_Rarely,2,3,3,3,Yes,0,5,11,No
40,Female,Single,Sales,Sales Executive,Medical,3,5799,24,6,1,20,3,Travel_Rarely,3,4,3,3,Yes,2,1,14,No
27,Female,Single,Research & Development,Research Director,Life Sciences,3,15227,14,2,2,7,2,Travel_Frequently,2,1,3,3,No,0,6,16,No
38,Male,Single,Research & Development,Manufacturing Director,Life Sciences,2,8993,18,0,0,16,1,Travel_Rarely,2,4,1,3,Yes,0,1,11,No
28,Male,Married,Research & Development,Manufacturing Director,Medical,4,9716,2,8,2,8,4,Travel_Rarely,3,3,4,3,No,0,2,20,No
47,Female,Single,Research & Development,Research Scientist,Other,4,6610,1,3,0,23,1,Travel_Rarely,2,3,2,3,No,1,1,13,No
35,Female,Married,Research & Development,Manufacturing Director,Technical Degree,3,13359,2,17,5,17,2,Travel_Rarely,4,4,2,3,No,1,1,11,No
41,Male,Single,Research & Development,Research Scientist,Medical,2,5730,16,8,2,16,1,Travel_Rarely,1,3,2,3,No,0,4,17,No
28,Male,Single,Research & Development,Research Director,Technical Degree,2,16773,29,5,5,5,7,Non-Travel,3,1,4,3,No,1,1,13,No
35,Male,Single,Human Resources,Human Resources,Other,4,2209,1,3,1,12,4,Travel_Rarely,4,4,3,3,No,0,5,11,No
33,Female,Married,Research & Development,Manufacturing Director,Human Resources,4,10189,1,4,4,10,4,Travel_Rarely,1,3,4,3,No,3,1,15,No
42,Male,Married,Research & Development,Manufacturing Director,Medical,3,11140,1,14,3,18,1,Travel_Frequently,4,3,3,3,No,1,2,13,No
45,Male,Married,Human Resources,Human Resources,Marketing,3,4386,29,1,1,27,0,Travel_Rarely,3,1,3,3,No,1,1,14,No
39,Male,Married,Research & Development,Research Scientist,Technical Degree,3,5330,16,7,0,17,3,Travel_Rarely,4,3,2,3,No,0,3,11,No
28,Female,Married,Research & Development,Laboratory Technician,Medical,2,2795,4,5,1,8,3,Travel_Rarely,3,2,3,3,Yes,1,4,13,Yes
38,Female,Married,Research & Development,Manufacturing Director,Marketing,3,10400,4,4,1,18,5,Travel_Rarely,2,2,3,3,No,1,3,13,No
43,Female,Married,Sales,Sales Representative,Technical Degree,3,2052,5,4,0,21,3,Travel_Frequently,1,4,2,3,No,2,6,16,No
31,Male,Married,Research & Development,Research Scientist,Technical Degree,1,5372,4,8,2,8,4,Travel_Rarely,4,4,3,3,No,0,2,14,No
29,Female,Divorced,Research & Development,Research Scientist,Marketing,2,4997,6,2,0,6,4,Travel_Rarely,3,3,1,3,No,2,1,12,No
